/* Auto-generated from build/muzix-minifs.bin */
#include <stdint.h>
const uint8_t kernel_romfs[] = {
  0x00, 0x00, 0x00, 0x00, 0x00, 0x00, 0x00, 0x00, 0x00, 0x00, 0x00, 0x00, 0x00, 0x00, 0x00, 0x00,
  0x00, 0x00, 0x00, 0x00, 0x00, 0x00, 0x00, 0x00, 0x00, 0x00, 0x00, 0x00, 0x00, 0x00, 0x00, 0x00,
  0x00, 0x00, 0x00, 0x00, 0x00, 0x00, 0x00, 0x00, 0x00, 0x00, 0x00, 0x00, 0x00, 0x00, 0x00, 0x00,
  0x00, 0x00, 0x00, 0x00, 0x00, 0x00, 0x00, 0x00, 0x00, 0x00, 0x00, 0x00, 0x00, 0x00, 0x00, 0x00,
  0x00, 0x00, 0x00, 0x00, 0x00, 0x00, 0x00, 0x00, 0x00, 0x00, 0x00, 0x00, 0x00, 0x00, 0x00, 0x00,
  0x00, 0x00, 0x00, 0x00, 0x00, 0x00, 0x00, 0x00, 0x00, 0x00, 0x00, 0x00, 0x00, 0x00, 0x00, 0x00,
  0x00, 0x00, 0x00, 0x00, 0x00, 0x00, 0x00, 0x00, 0x00, 0x00, 0x00, 0x00, 0x00, 0x00, 0x00, 0x00,
  0x00, 0x00, 0x00, 0x00, 0x00, 0x00, 0x00, 0x00, 0x00, 0x00, 0x00, 0x00, 0x00, 0x00, 0x00, 0x00,
  0x00, 0x00, 0x00, 0x00, 0x00, 0x00, 0x00, 0x00, 0x00, 0x00, 0x00, 0x00, 0x00, 0x00, 0x00, 0x00,
  0x00, 0x00, 0x00, 0x00, 0x00, 0x00, 0x00, 0x00, 0x00, 0x00, 0x00, 0x00, 0x00, 0x00, 0x00, 0x00,
  0x00, 0x00, 0x00, 0x00, 0x00, 0x00, 0x00, 0x00, 0x00, 0x00, 0x00, 0x00, 0x00, 0x00, 0x00, 0x00,
  0x00, 0x00, 0x00, 0x00, 0x00, 0x00, 0x00, 0x00, 0x00, 0x00, 0x00, 0x00, 0x00, 0x00, 0x00, 0x00,
  0x00, 0x00, 0x00, 0x00, 0x00, 0x00, 0x00, 0x00, 0x00, 0x00, 0x00, 0x00, 0x00, 0x00, 0x00, 0x00,
  0x00, 0x00, 0x00, 0x00, 0x00, 0x00, 0x00, 0x00, 0x00, 0x00, 0x00, 0x00, 0x00, 0x00, 0x00, 0x00,
  0x00, 0x00, 0x00, 0x00, 0x00, 0x00, 0x00, 0x00, 0x00, 0x00, 0x00, 0x00, 0x00, 0x00, 0x00, 0x00,
  0x00, 0x00, 0x00, 0x00, 0x00, 0x00, 0x00, 0x00, 0x00, 0x00, 0x00, 0x00, 0x00, 0x00, 0x00, 0x00,
  0x00, 0x00, 0x00, 0x00, 0x00, 0x00, 0x00, 0x00, 0x00, 0x00, 0x00, 0x00, 0x00, 0x00, 0x00, 0x00,
  0x00, 0x00, 0x00, 0x00, 0x00, 0x00, 0x00, 0x00, 0x00, 0x00, 0x00, 0x00, 0x00, 0x00, 0x00, 0x00,
  0x00, 0x00, 0x00, 0x00, 0x00, 0x00, 0x00, 0x00, 0x00, 0x00, 0x00, 0x00, 0x00, 0x00, 0x00, 0x00,
  0x00, 0x00, 0x00, 0x00, 0x00, 0x00, 0x00, 0x00, 0x00, 0x00, 0x00, 0x00, 0x00, 0x00, 0x00, 0x00,
  0x00, 0x00, 0x00, 0x00, 0x00, 0x00, 0x00, 0x00, 0x00, 0x00, 0x00, 0x00, 0x00, 0x00, 0x00, 0x00,
  0x00, 0x00, 0x00, 0x00, 0x00, 0x00, 0x00, 0x00, 0x00, 0x00, 0x00, 0x00, 0x00, 0x00, 0x00, 0x00,
  0x00, 0x00, 0x00, 0x00, 0x00, 0x00, 0x00, 0x00, 0x00, 0x00, 0x00, 0x00, 0x00, 0x00, 0x00, 0x00,
  0x00, 0x00, 0x00, 0x00, 0x00, 0x00, 0x00, 0x00, 0x00, 0x00, 0x00, 0x00, 0x00, 0x00, 0x00, 0x00,
  0x00, 0x00, 0x00, 0x00, 0x00, 0x00, 0x00, 0x00, 0x00, 0x00, 0x00, 0x00, 0x00, 0x00, 0x00, 0x00,
  0x00, 0x00, 0x00, 0x00, 0x00, 0x00, 0x00, 0x00, 0x00, 0x00, 0x00, 0x00, 0x00, 0x00, 0x00, 0x00,
  0x00, 0x00, 0x00, 0x00, 0x00, 0x00, 0x00, 0x00, 0x00, 0x00, 0x00, 0x00, 0x00, 0x00, 0x00, 0x00,
  0x00, 0x00, 0x00, 0x00, 0x00, 0x00, 0x00, 0x00, 0x00, 0x00, 0x00, 0x00, 0x00, 0x00, 0x00, 0x00,
  0x00, 0x00, 0x00, 0x00, 0x00, 0x00, 0x00, 0x00, 0x00, 0x00, 0x00, 0x00, 0x00, 0x00, 0x00, 0x00,
  0x00, 0x00, 0x00, 0x00, 0x00, 0x00, 0x00, 0x00, 0x00, 0x00, 0x00, 0x00, 0x00, 0x00, 0x00, 0x00,
  0x00, 0x00, 0x00, 0x00, 0x00, 0x00, 0x00, 0x00, 0x00, 0x00, 0x00, 0x00, 0x00, 0x00, 0x00, 0x00,
  0x00, 0x00, 0x00, 0x00, 0x00, 0x00, 0x00, 0x00, 0x00, 0x00, 0x00, 0x00, 0x00, 0x00, 0x00, 0x00,
  0x08, 0x00, 0x23, 0x00, 0x01, 0x01, 0x05, 0x00, 0x00, 0xff, 0xff, 0xff, 0xff, 0x7f, 0x13, 0x00,
  0x00, 0x00, 0x00, 0x00, 0x00, 0x00, 0x00, 0x00, 0x00, 0x00, 0x00, 0x00, 0x00, 0x00, 0x00, 0x00,
  0x00, 0x00, 0x00, 0x00, 0x00, 0x00, 0x00, 0x00, 0x00, 0x00, 0x00, 0x00, 0x00, 0x00, 0x00, 0x00,
  0x00, 0x00, 0x00, 0x00, 0x00, 0x00, 0x00, 0x00, 0x00, 0x00, 0x00, 0x00, 0x00, 0x00, 0x00, 0x00,
  0x00, 0x00, 0x00, 0x00, 0x00, 0x00, 0x00, 0x00, 0x00, 0x00, 0x00, 0x00, 0x00, 0x00, 0x00, 0x00,
  0x00, 0x00, 0x00, 0x00, 0x00, 0x00, 0x00, 0x00, 0x00, 0x00, 0x00, 0x00, 0x00, 0x00, 0x00, 0x00,
  0x00, 0x00, 0x00, 0x00, 0x00, 0x00, 0x00, 0x00, 0x00, 0x00, 0x00, 0x00, 0x00, 0x00, 0x00, 0x00,
  0x00, 0x00, 0x00, 0x00, 0x00, 0x00, 0x00, 0x00, 0x00, 0x00, 0x00, 0x00, 0x00, 0x00, 0x00, 0x00,
  0x00, 0x00, 0x00, 0x00, 0x00, 0x00, 0x00, 0x00, 0x00, 0x00, 0x00, 0x00, 0x00, 0x00, 0x00, 0x00,
  0x00, 0x00, 0x00, 0x00, 0x00, 0x00, 0x00, 0x00, 0x00, 0x00, 0x00, 0x00, 0x00, 0x00, 0x00, 0x00,
  0x00, 0x00, 0x00, 0x00, 0x00, 0x00, 0x00, 0x00, 0x00, 0x00, 0x00, 0x00, 0x00, 0x00, 0x00, 0x00,
  0x00, 0x00, 0x00, 0x00, 0x00, 0x00, 0x00, 0x00, 0x00, 0x00, 0x00, 0x00, 0x00, 0x00, 0x00, 0x00,
  0x00, 0x00, 0x00, 0x00, 0x00, 0x00, 0x00, 0x00, 0x00, 0x00, 0x00, 0x00, 0x00, 0x00, 0x00, 0x00,
  0x00, 0x00, 0x00, 0x00, 0x00, 0x00, 0x00, 0x00, 0x00, 0x00, 0x00, 0x00, 0x00, 0x00, 0x00, 0x00,
  0x00, 0x00, 0x00, 0x00, 0x00, 0x00, 0x00, 0x00, 0x00, 0x00, 0x00, 0x00, 0x00, 0x00, 0x00, 0x00,
  0x00, 0x00, 0x00, 0x00, 0x00, 0x00, 0x00, 0x00, 0x00, 0x00, 0x00, 0x00, 0x00, 0x00, 0x00, 0x00,
  0x00, 0x00, 0x00, 0x00, 0x00, 0x00, 0x00, 0x00, 0x00, 0x00, 0x00, 0x00, 0x00, 0x00, 0x00, 0x00,
  0x00, 0x00, 0x00, 0x00, 0x00, 0x00, 0x00, 0x00, 0x00, 0x00, 0x00, 0x00, 0x00, 0x00, 0x00, 0x00,
  0x00, 0x00, 0x00, 0x00, 0x00, 0x00, 0x00, 0x00, 0x00, 0x00, 0x00, 0x00, 0x00, 0x00, 0x00, 0x00,
  0x00, 0x00, 0x00, 0x00, 0x00, 0x00, 0x00, 0x00, 0x00, 0x00, 0x00, 0x00, 0x00, 0x00, 0x00, 0x00,
  0x00, 0x00, 0x00, 0x00, 0x00, 0x00, 0x00, 0x00, 0x00, 0x00, 0x00, 0x00, 0x00, 0x00, 0x00, 0x00,
  0x00, 0x00, 0x00, 0x00, 0x00, 0x00, 0x00, 0x00, 0x00, 0x00, 0x00, 0x00, 0x00, 0x00, 0x00, 0x00,
  0x00, 0x00, 0x00, 0x00, 0x00, 0x00, 0x00, 0x00, 0x00, 0x00, 0x00, 0x00, 0x00, 0x00, 0x00, 0x00,
  0x00, 0x00, 0x00, 0x00, 0x00, 0x00, 0x00, 0x00, 0x00, 0x00, 0x00, 0x00, 0x00, 0x00, 0x00, 0x00,
  0x00, 0x00, 0x00, 0x00, 0x00, 0x00, 0x00, 0x00, 0x00, 0x00, 0x00, 0x00, 0x00, 0x00, 0x00, 0x00,
  0x00, 0x00, 0x00, 0x00, 0x00, 0x00, 0x00, 0x00, 0x00, 0x00, 0x00, 0x00, 0x00, 0x00, 0x00, 0x00,
  0x00, 0x00, 0x00, 0x00, 0x00, 0x00, 0x00, 0x00, 0x00, 0x00, 0x00, 0x00, 0x00, 0x00, 0x00, 0x00,
  0x00, 0x00, 0x00, 0x00, 0x00, 0x00, 0x00, 0x00, 0x00, 0x00, 0x00, 0x00, 0x00, 0x00, 0x00, 0x00,
  0x00, 0x00, 0x00, 0x00, 0x00, 0x00, 0x00, 0x00, 0x00, 0x00, 0x00, 0x00, 0x00, 0x00, 0x00, 0x00,
  0x00, 0x00, 0x00, 0x00, 0x00, 0x00, 0x00, 0x00, 0x00, 0x00, 0x00, 0x00, 0x00, 0x00, 0x00, 0x00,
  0x00, 0x00, 0x00, 0x00, 0x00, 0x00, 0x00, 0x00, 0x00, 0x00, 0x00, 0x00, 0x00, 0x00, 0x00, 0x00,
  0x00, 0x00, 0x00, 0x00, 0x00, 0x00, 0x00, 0x00, 0x00, 0x00, 0x00, 0x00, 0x00, 0x00, 0x00, 0x00,
  0x05, 0x00, 0x23, 0x00, 0xe0, 0xff, 0xff, 0xff, 0x07, 0x00, 0x00, 0x00, 0x00, 0x00, 0x00, 0x00,
  0x00, 0x00, 0x00, 0x00, 0x00, 0x00, 0x00, 0x00, 0x00, 0x00, 0x00, 0x00, 0x00, 0x00, 0x00, 0x00,
  0x00, 0x00, 0x00, 0x00, 0x00, 0x00, 0x00, 0x00, 0x00, 0x00, 0x00, 0x00, 0x00, 0x00, 0x00, 0x00,
  0x00, 0x00, 0x00, 0x00, 0x00, 0x00, 0x00, 0x00, 0x00, 0x00, 0x00, 0x00, 0x00, 0x00, 0x00, 0x00,
  0x00, 0x00, 0x00, 0x00, 0x00, 0x00, 0x00, 0x00, 0x00, 0x00, 0x00, 0x00, 0x00, 0x00, 0x00, 0x00,
  0x00, 0x00, 0x00, 0x00, 0x00, 0x00, 0x00, 0x00, 0x00, 0x00, 0x00, 0x00, 0x00, 0x00, 0x00, 0x00,
  0x00, 0x00, 0x00, 0x00, 0x00, 0x00, 0x00, 0x00, 0x00, 0x00, 0x00, 0x00, 0x00, 0x00, 0x00, 0x00,
  0x00, 0x00, 0x00, 0x00, 0x00, 0x00, 0x00, 0x00, 0x00, 0x00, 0x00, 0x00, 0x00, 0x00, 0x00, 0x00,
  0x00, 0x00, 0x00, 0x00, 0x00, 0x00, 0x00, 0x00, 0x00, 0x00, 0x00, 0x00, 0x00, 0x00, 0x00, 0x00,
  0x00, 0x00, 0x00, 0x00, 0x00, 0x00, 0x00, 0x00, 0x00, 0x00, 0x00, 0x00, 0x00, 0x00, 0x00, 0x00,
  0x00, 0x00, 0x00, 0x00, 0x00, 0x00, 0x00, 0x00, 0x00, 0x00, 0x00, 0x00, 0x00, 0x00, 0x00, 0x00,
  0x00, 0x00, 0x00, 0x00, 0x00, 0x00, 0x00, 0x00, 0x00, 0x00, 0x00, 0x00, 0x00, 0x00, 0x00, 0x00,
  0x00, 0x00, 0x00, 0x00, 0x00, 0x00, 0x00, 0x00, 0x00, 0x00, 0x00, 0x00, 0x00, 0x00, 0x00, 0x00,
  0x00, 0x00, 0x00, 0x00, 0x00, 0x00, 0x00, 0x00, 0x00, 0x00, 0x00, 0x00, 0x00, 0x00, 0x00, 0x00,
  0x00, 0x00, 0x00, 0x00, 0x00, 0x00, 0x00, 0x00, 0x00, 0x00, 0x00, 0x00, 0x00, 0x00, 0x00, 0x00,
  0x00, 0x00, 0x00, 0x00, 0x00, 0x00, 0x00, 0x00, 0x00, 0x00, 0x00, 0x00, 0x00, 0x00, 0x00, 0x00,
  0x00, 0x00, 0x00, 0x00, 0x00, 0x00, 0x00, 0x00, 0x00, 0x00, 0x00, 0x00, 0x00, 0x00, 0x00, 0x00,
  0x00, 0x00, 0x00, 0x00, 0x00, 0x00, 0x00, 0x00, 0x00, 0x00, 0x00, 0x00, 0x00, 0x00, 0x00, 0x00,
  0x00, 0x00, 0x00, 0x00, 0x00, 0x00, 0x00, 0x00, 0x00, 0x00, 0x00, 0x00, 0x00, 0x00, 0x00, 0x00,
  0x00, 0x00, 0x00, 0x00, 0x00, 0x00, 0x00, 0x00, 0x00, 0x00, 0x00, 0x00, 0x00, 0x00, 0x00, 0x00,
  0x00, 0x00, 0x00, 0x00, 0x00, 0x00, 0x00, 0x00, 0x00, 0x00, 0x00, 0x00, 0x00, 0x00, 0x00, 0x00,
  0x00, 0x00, 0x00, 0x00, 0x00, 0x00, 0x00, 0x00, 0x00, 0x00, 0x00, 0x00, 0x00, 0x00, 0x00, 0x00,
  0x00, 0x00, 0x00, 0x00, 0x00, 0x00, 0x00, 0x00, 0x00, 0x00, 0x00, 0x00, 0x00, 0x00, 0x00, 0x00,
  0x00, 0x00, 0x00, 0x00, 0x00, 0x00, 0x00, 0x00, 0x00, 0x00, 0x00, 0x00, 0x00, 0x00, 0x00, 0x00,
  0x00, 0x00, 0x00, 0x00, 0x00, 0x00, 0x00, 0x00, 0x00, 0x00, 0x00, 0x00, 0x00, 0x00, 0x00, 0x00,
  0x00, 0x00, 0x00, 0x00, 0x00, 0x00, 0x00, 0x00, 0x00, 0x00, 0x00, 0x00, 0x00, 0x00, 0x00, 0x00,
  0x00, 0x00, 0x00, 0x00, 0x00, 0x00, 0x00, 0x00, 0x00, 0x00, 0x00, 0x00, 0x00, 0x00, 0x00, 0x00,
  0x00, 0x00, 0x00, 0x00, 0x00, 0x00, 0x00, 0x00, 0x00, 0x00, 0x00, 0x00, 0x00, 0x00, 0x00, 0x00,
  0x00, 0x00, 0x00, 0x00, 0x00, 0x00, 0x00, 0x00, 0x00, 0x00, 0x00, 0x00, 0x00, 0x00, 0x00, 0x00,
  0x00, 0x00, 0x00, 0x00, 0x00, 0x00, 0x00, 0x00, 0x00, 0x00, 0x00, 0x00, 0x00, 0x00, 0x00, 0x00,
  0x00, 0x00, 0x00, 0x00, 0x00, 0x00, 0x00, 0x00, 0x00, 0x00, 0x00, 0x00, 0x00, 0x00, 0x00, 0x00,
  0x00, 0x00, 0x00, 0x00, 0x00, 0x00, 0x00, 0x00, 0x00, 0x00, 0x00, 0x00, 0x00, 0x00, 0x00, 0x00,
  0x00, 0x00, 0x00, 0x00, 0x00, 0x00, 0x00, 0x00, 0x00, 0x00, 0x00, 0x00, 0x00, 0x00, 0x00, 0x00,
  0x00, 0x00, 0x00, 0x00, 0x00, 0x00, 0x00, 0x00, 0x00, 0x00, 0x00, 0x00, 0x00, 0x00, 0x00, 0x00,
  0x00, 0x40, 0x00, 0x00, 0x00, 0x00, 0x00, 0x00, 0x00, 0x00, 0x02, 0x04, 0x00, 0x00, 0x00, 0x00,
  0x00, 0x00, 0x00, 0x00, 0x00, 0x00, 0x00, 0x00, 0x00, 0x00, 0x00, 0x01, 0x00, 0x00, 0x00, 0x00,
  0x00, 0x80, 0x00, 0x00, 0x4b, 0x13, 0x00, 0x00, 0x00, 0x00, 0x01, 0x05, 0x00, 0x06, 0x00, 0x07,
  0x00, 0x08, 0x00, 0x09, 0x00, 0x0a, 0x00, 0x0b, 0x00, 0x0c, 0x00, 0x01, 0x00, 0x0e, 0x00, 0x00,
  0x00, 0x80, 0x00, 0x00, 0x83, 0x03, 0x00, 0x00, 0x00, 0x00, 0x01, 0x0f, 0x00, 0x10, 0x00, 0x00,
  0x00, 0x00, 0x00, 0x00, 0x00, 0x00, 0x00, 0x00, 0x00, 0x00, 0x00, 0x01, 0x00, 0x00, 0x00, 0x00,
  0x00, 0x80, 0x00, 0x00, 0xd0, 0x05, 0x00, 0x00, 0x00, 0x00, 0x01, 0x11, 0x00, 0x12, 0x00, 0x13,
  0x00, 0x00, 0x00, 0x00, 0x00, 0x00, 0x00, 0x00, 0x00, 0x00, 0x00, 0x01, 0x00, 0x00, 0x00, 0x00,
  0x00, 0x80, 0x00, 0x00, 0xce, 0x05, 0x00, 0x00, 0x00, 0x00, 0x01, 0x14, 0x00, 0x15, 0x00, 0x16,
  0x00, 0x00, 0x00, 0x00, 0x00, 0x00, 0x00, 0x00, 0x00, 0x00, 0x00, 0x01, 0x00, 0x00, 0x00, 0x00,
  0x00, 0x80, 0x00, 0x00, 0x27, 0x0c, 0x00, 0x00, 0x00, 0x00, 0x01, 0x17, 0x00, 0x18, 0x00, 0x19,
  0x00, 0x1a, 0x00, 0x1b, 0x00, 0x1c, 0x00, 0x1d, 0x00, 0x00, 0x00, 0x01, 0x00, 0x00, 0x00, 0x00,
  0x00, 0x80, 0x00, 0x00, 0x7f, 0x08, 0x00, 0x00, 0x00, 0x00, 0x01, 0x1e, 0x00, 0x1f, 0x00, 0x20,
  0x00, 0x21, 0x00, 0x22, 0x00, 0x00, 0x00, 0x00, 0x00, 0x00, 0x00, 0x01, 0x00, 0x00, 0x00, 0x00,
  0x00, 0x00, 0x00, 0x00, 0x00, 0x00, 0x00, 0x00, 0x00, 0x00, 0x00, 0x00, 0x00, 0x00, 0x00, 0x00,
  0x00, 0x00, 0x00, 0x00, 0x00, 0x00, 0x00, 0x00, 0x00, 0x00, 0x00, 0x00, 0x00, 0x00, 0x00, 0x00,
  0x00, 0x00, 0x00, 0x00, 0x00, 0x00, 0x00, 0x00, 0x00, 0x00, 0x00, 0x00, 0x00, 0x00, 0x00, 0x00,
  0x00, 0x00, 0x00, 0x00, 0x00, 0x00, 0x00, 0x00, 0x00, 0x00, 0x00, 0x00, 0x00, 0x00, 0x00, 0x00,
  0x00, 0x00, 0x00, 0x00, 0x00, 0x00, 0x00, 0x00, 0x00, 0x00, 0x00, 0x00, 0x00, 0x00, 0x00, 0x00,
  0x00, 0x00, 0x00, 0x00, 0x00, 0x00, 0x00, 0x00, 0x00, 0x00, 0x00, 0x00, 0x00, 0x00, 0x00, 0x00,
  0x00, 0x00, 0x00, 0x00, 0x00, 0x00, 0x00, 0x00, 0x00, 0x00, 0x00, 0x00, 0x00, 0x00, 0x00, 0x00,
  0x00, 0x00, 0x00, 0x00, 0x00, 0x00, 0x00, 0x00, 0x00, 0x00, 0x00, 0x00, 0x00, 0x00, 0x00, 0x00,
  0x00, 0x00, 0x00, 0x00, 0x00, 0x00, 0x00, 0x00, 0x00, 0x00, 0x00, 0x00, 0x00, 0x00, 0x00, 0x00,
  0x00, 0x00, 0x00, 0x00, 0x00, 0x00, 0x00, 0x00, 0x00, 0x00, 0x00, 0x00, 0x00, 0x00, 0x00, 0x00,
  0x00, 0x00, 0x00, 0x00, 0x00, 0x00, 0x00, 0x00, 0x00, 0x00, 0x00, 0x00, 0x00, 0x00, 0x00, 0x00,
  0x00, 0x00, 0x00, 0x00, 0x00, 0x00, 0x00, 0x00, 0x00, 0x00, 0x00, 0x00, 0x00, 0x00, 0x00, 0x00,
  0x00, 0x00, 0x00, 0x00, 0x00, 0x00, 0x00, 0x00, 0x00, 0x00, 0x00, 0x00, 0x00, 0x00, 0x00, 0x00,
  0x00, 0x00, 0x00, 0x00, 0x00, 0x00, 0x00, 0x00, 0x00, 0x00, 0x00, 0x00, 0x00, 0x00, 0x00, 0x00,
  0x00, 0x00, 0x00, 0x00, 0x00, 0x00, 0x00, 0x00, 0x00, 0x00, 0x00, 0x00, 0x00, 0x00, 0x00, 0x00,
  0x00, 0x00, 0x00, 0x00, 0x00, 0x00, 0x00, 0x00, 0x00, 0x00, 0x00, 0x00, 0x00, 0x00, 0x00, 0x00,
  0x01, 0x00, 0x2e, 0x00, 0x00, 0x00, 0x00, 0x00, 0x00, 0x00, 0x00, 0x00, 0x00, 0x00, 0x00, 0x00,
  0x01, 0x00, 0x2e, 0x2e, 0x00, 0x00, 0x00, 0x00, 0x00, 0x00, 0x00, 0x00, 0x00, 0x00, 0x00, 0x00,
  0x02, 0x00, 0x72, 0x65, 0x61, 0x64, 0x6d, 0x65, 0x00, 0x00, 0x00, 0x00, 0x00, 0x00, 0x00, 0x00,
  0x03, 0x00, 0x68, 0x77, 0x2d, 0x6e, 0x6f, 0x74, 0x65, 0x73, 0x00, 0x00, 0x00, 0x00, 0x00, 0x00,
  0x04, 0x00, 0x6d, 0x69, 0x6e, 0x69, 0x78, 0x2d, 0x62, 0x72, 0x69, 0x64, 0x67, 0x65, 0x00, 0x00,
  0x05, 0x00, 0x65, 0x63, 0x68, 0x6f, 0x00, 0x00, 0x00, 0x00, 0x00, 0x00, 0x00, 0x00, 0x00, 0x00,
  0x06, 0x00, 0x63, 0x61, 0x74, 0x00, 0x00, 0x00, 0x00, 0x00, 0x00, 0x00, 0x00, 0x00, 0x00, 0x00,
  0x07, 0x00, 0x6c, 0x73, 0x00, 0x00, 0x00, 0x00, 0x00, 0x00, 0x00, 0x00, 0x00, 0x00, 0x00, 0x00,
  0x00, 0x00, 0x00, 0x00, 0x00, 0x00, 0x00, 0x00, 0x00, 0x00, 0x00, 0x00, 0x00, 0x00, 0x00, 0x00,
  0x00, 0x00, 0x00, 0x00, 0x00, 0x00, 0x00, 0x00, 0x00, 0x00, 0x00, 0x00, 0x00, 0x00, 0x00, 0x00,
  0x00, 0x00, 0x00, 0x00, 0x00, 0x00, 0x00, 0x00, 0x00, 0x00, 0x00, 0x00, 0x00, 0x00, 0x00, 0x00,
  0x00, 0x00, 0x00, 0x00, 0x00, 0x00, 0x00, 0x00, 0x00, 0x00, 0x00, 0x00, 0x00, 0x00, 0x00, 0x00,
  0x00, 0x00, 0x00, 0x00, 0x00, 0x00, 0x00, 0x00, 0x00, 0x00, 0x00, 0x00, 0x00, 0x00, 0x00, 0x00,
  0x00, 0x00, 0x00, 0x00, 0x00, 0x00, 0x00, 0x00, 0x00, 0x00, 0x00, 0x00, 0x00, 0x00, 0x00, 0x00,
  0x00, 0x00, 0x00, 0x00, 0x00, 0x00, 0x00, 0x00, 0x00, 0x00, 0x00, 0x00, 0x00, 0x00, 0x00, 0x00,
  0x00, 0x00, 0x00, 0x00, 0x00, 0x00, 0x00, 0x00, 0x00, 0x00, 0x00, 0x00, 0x00, 0x00, 0x00, 0x00,
  0x00, 0x00, 0x00, 0x00, 0x00, 0x00, 0x00, 0x00, 0x00, 0x00, 0x00, 0x00, 0x00, 0x00, 0x00, 0x00,
  0x00, 0x00, 0x00, 0x00, 0x00, 0x00, 0x00, 0x00, 0x00, 0x00, 0x00, 0x00, 0x00, 0x00, 0x00, 0x00,
  0x00, 0x00, 0x00, 0x00, 0x00, 0x00, 0x00, 0x00, 0x00, 0x00, 0x00, 0x00, 0x00, 0x00, 0x00, 0x00,
  0x00, 0x00, 0x00, 0x00, 0x00, 0x00, 0x00, 0x00, 0x00, 0x00, 0x00, 0x00, 0x00, 0x00, 0x00, 0x00,
  0x00, 0x00, 0x00, 0x00, 0x00, 0x00, 0x00, 0x00, 0x00, 0x00, 0x00, 0x00, 0x00, 0x00, 0x00, 0x00,
  0x00, 0x00, 0x00, 0x00, 0x00, 0x00, 0x00, 0x00, 0x00, 0x00, 0x00, 0x00, 0x00, 0x00, 0x00, 0x00,
  0x00, 0x00, 0x00, 0x00, 0x00, 0x00, 0x00, 0x00, 0x00, 0x00, 0x00, 0x00, 0x00, 0x00, 0x00, 0x00,
  0x00, 0x00, 0x00, 0x00, 0x00, 0x00, 0x00, 0x00, 0x00, 0x00, 0x00, 0x00, 0x00, 0x00, 0x00, 0x00,
  0x00, 0x00, 0x00, 0x00, 0x00, 0x00, 0x00, 0x00, 0x00, 0x00, 0x00, 0x00, 0x00, 0x00, 0x00, 0x00,
  0x00, 0x00, 0x00, 0x00, 0x00, 0x00, 0x00, 0x00, 0x00, 0x00, 0x00, 0x00, 0x00, 0x00, 0x00, 0x00,
  0x00, 0x00, 0x00, 0x00, 0x00, 0x00, 0x00, 0x00, 0x00, 0x00, 0x00, 0x00, 0x00, 0x00, 0x00, 0x00,
  0x00, 0x00, 0x00, 0x00, 0x00, 0x00, 0x00, 0x00, 0x00, 0x00, 0x00, 0x00, 0x00, 0x00, 0x00, 0x00,
  0x00, 0x00, 0x00, 0x00, 0x00, 0x00, 0x00, 0x00, 0x00, 0x00, 0x00, 0x00, 0x00, 0x00, 0x00, 0x00,
  0x00, 0x00, 0x00, 0x00, 0x00, 0x00, 0x00, 0x00, 0x00, 0x00, 0x00, 0x00, 0x00, 0x00, 0x00, 0x00,
  0x00, 0x00, 0x00, 0x00, 0x00, 0x00, 0x00, 0x00, 0x00, 0x00, 0x00, 0x00, 0x00, 0x00, 0x00, 0x00,
  0x00, 0x00, 0x00, 0x00, 0x00, 0x00, 0x00, 0x00, 0x00, 0x00, 0x00, 0x00, 0x00, 0x00, 0x00, 0x00,
  0x23, 0x20, 0xd0, 0x90, 0xd1, 0x80, 0xd1, 0x85, 0xd0, 0xb8, 0xd1, 0x82, 0xd0, 0xb5, 0xd0, 0xba,
  0xd1, 0x82, 0xd1, 0x83, 0xd1, 0x80, 0xd0, 0xb0, 0x20, 0x4d, 0x75, 0x7a, 0x69, 0x78, 0x2d, 0x73,
  0x6f, 0x75, 0x72, 0x63, 0x65, 0x0a, 0x0a, 0x23, 0x23, 0x20, 0xd0, 0xa1, 0xd0, 0xbb, 0xd0, 0xbe,
  0xd0, 0xb8, 0x20, 0xd0, 0xbf, 0xd1, 0x80, 0xd0, 0xbe, 0xd0, 0xb5, 0xd0, 0xba, 0xd1, 0x82, 0xd0,
  0xb0, 0x0a, 0x0a, 0x31, 0x2e, 0x20, 0x4d, 0x49, 0x4e, 0x49, 0x58, 0x20, 0x31, 0x2e, 0x30, 0x20,
  0x6c, 0x6f, 0x67, 0x69, 0x63, 0x61, 0x6c, 0x20, 0x6d, 0x6f, 0x64, 0x65, 0x6c, 0x0a, 0x20, 0x20,
  0x20, 0x2d, 0x20, 0x6b, 0x65, 0x72, 0x6e, 0x65, 0x6c, 0x0a, 0x20, 0x20, 0x20, 0x2d, 0x20, 0x50,
  0x4d, 0x0a, 0x20, 0x20, 0x20, 0x2d, 0x20, 0x4d, 0x4d, 0x0a, 0x20, 0x20, 0x20, 0x2d, 0x20, 0x46,
  0x53, 0x0a, 0x20, 0x20, 0x20, 0x2d, 0x20, 0x49, 0x50, 0x43, 0x0a, 0x20, 0x20, 0x20, 0x2d, 0x20,
  0x73, 0x79, 0x73, 0x74, 0x65, 0x6d, 0x20, 0x74, 0x61, 0x73, 0x6b, 0x20, 0x65, 0x6e, 0x74, 0x72,
  0x79, 0x20, 0x61, 0x6e, 0x64, 0x20, 0x6d, 0x65, 0x73, 0x73, 0x61, 0x67, 0x65, 0x20, 0x64, 0x69,
  0x73, 0x70, 0x61, 0x74, 0x63, 0x68, 0x0a, 0x0a, 0x32, 0x2e, 0x20, 0x5a, 0x38, 0x30, 0x20, 0x61,
  0x64, 0x61, 0x70, 0x74, 0x61, 0x74, 0x69, 0x6f, 0x6e, 0x20, 0x6c, 0x61, 0x79, 0x65, 0x72, 0x0a,
  0x20, 0x20, 0x20, 0x2d, 0x20, 0x62, 0x61, 0x6e, 0x6b, 0x20, 0x61, 0x6c, 0x6c, 0x6f, 0x63, 0x61,
  0x74, 0x6f, 0x72, 0x0a, 0x20, 0x20, 0x20, 0x2d, 0x20, 0x70, 0x72, 0x6f, 0x63, 0x65, 0x73, 0x73,
  0x2d, 0x74, 0x6f, 0x2d, 0x62, 0x61, 0x6e, 0x6b, 0x20, 0x74, 0x72, 0x61, 0x6e, 0x73, 0x6c, 0x61,
  0x74, 0x69, 0x6f, 0x6e, 0x0a, 0x20, 0x20, 0x20, 0x2d, 0x20, 0x63, 0x6f, 0x70, 0x79, 0x69, 0x6e,
  0x2f, 0x6f, 0x75, 0x74, 0x20, 0x70, 0x72, 0x69, 0x6d, 0x69, 0x74, 0x69, 0x76, 0x65, 0x73, 0x0a,
  0x20, 0x20, 0x20, 0x2d, 0x20, 0x63, 0x6f, 0x6e, 0x74, 0x65, 0x78, 0x74, 0x20, 0x73, 0x77, 0x69,
  0x74, 0x63, 0x68, 0x0a, 0x20, 0x20, 0x20, 0x2d, 0x20, 0x69, 0x6e, 0x74, 0x65, 0x72, 0x72, 0x75,
  0x70, 0x74, 0x2d, 0x73, 0x61, 0x66, 0x65, 0x20, 0x6d, 0x61, 0x70, 0x70, 0x69, 0x6e, 0x67, 0x20,
  0x72, 0x65, 0x73, 0x74, 0x6f, 0x72, 0x65, 0x0a, 0x0a, 0x33, 0x2e, 0x20, 0x5a, 0x65, 0x74, 0x61,
  0x20, 0x53, 0x42, 0x43, 0x20, 0x56, 0x32, 0x20, 0x68, 0x61, 0x72, 0x64, 0x77, 0x61, 0x72, 0x65,
  0x20, 0x62, 0x61, 0x63, 0x6b, 0x65, 0x6e, 0x64, 0x0a, 0x20, 0x20, 0x20, 0x2d, 0x20, 0x35, 0x31,
  0x32, 0x20, 0x4b, 0x69, 0x42, 0x20, 0x53, 0x52, 0x41, 0x4d, 0x0a, 0x20, 0x20, 0x20, 0x2d, 0x20,
  0x31, 0x36, 0x20, 0x4b, 0x69, 0x42, 0x20, 0x77, 0x69, 0x6e, 0x64, 0x6f, 0x77, 0x73, 0x0a, 0x20,
  0x20, 0x20, 0x2d, 0x20, 0x30, 0x78, 0x37, 0x38, 0x2e, 0x2e, 0x30, 0x78, 0x37, 0x43, 0x20, 0x62,
  0x61, 0x6e, 0x6b, 0x20, 0x72, 0x65, 0x67, 0x69, 0x73, 0x74, 0x65, 0x72, 0x73, 0x0a, 0x20, 0x20,
  0x20, 0x2d, 0x20, 0x4d, 0x50, 0x47, 0x45, 0x4e, 0x41, 0x20, 0x70, 0x61, 0x67, 0x69, 0x6e, 0x67,
  0x20, 0x65, 0x6e, 0x61, 0x62, 0x6c, 0x65, 0x0a, 0x0a, 0x23, 0x23, 0x20, 0x53, 0x79, 0x73, 0x74,
  0x65, 0x6d, 0x20, 0x74, 0x61, 0x73, 0x6b, 0x20, 0x62, 0x6f, 0x75, 0x6e, 0x64, 0x61, 0x72, 0x79,
  0x0a, 0x0a, 0x60, 0x6b, 0x65, 0x72, 0x6e, 0x65, 0x6c, 0x2f, 0x73, 0x79, 0x73, 0x74, 0x65, 0x6d,
  0x5f, 0x74, 0x61, 0x73, 0x6b, 0x2e, 0x63, 0x60, 0x20, 0x69, 0x73, 0x20, 0x74, 0x68, 0x65, 0x20,
  0x4d, 0x49, 0x4e, 0x49, 0x58, 0x2d, 0x73, 0x74, 0x79, 0x6c, 0x65, 0x20, 0x73, 0x79, 0x73, 0x74,
  0x65, 0x6d, 0x2d, 0x74, 0x61, 0x73, 0x6b, 0x20, 0x65, 0x6e, 0x74, 0x72, 0x79, 0x20, 0x62, 0x6f,
  0x75, 0x6e, 0x64, 0x61, 0x72, 0x79, 0x2e, 0x20, 0x49, 0x74, 0x20, 0x6f, 0x77, 0x6e, 0x73, 0x0a,
  0x74, 0x68, 0x65, 0x20, 0x73, 0x65, 0x72, 0x76, 0x69, 0x63, 0x65, 0x20, 0x6c, 0x69, 0x66, 0x65,
  0x63, 0x79, 0x63, 0x6c, 0x65, 0x20, 0x61, 0x6e, 0x64, 0x20, 0x66, 0x6f, 0x72, 0x77, 0x61, 0x72,
  0x64, 0x73, 0x20, 0x70, 0x72, 0x69, 0x76, 0x69, 0x6c, 0x65, 0x67, 0x65, 0x64, 0x20, 0x6d, 0x65,
  0x73, 0x73, 0x61, 0x67, 0x65, 0x73, 0x20, 0x74, 0x6f, 0x20, 0x60, 0x73, 0x79, 0x73, 0x74, 0x65,
  0x6d, 0x5f, 0x73, 0x65, 0x72, 0x76, 0x69, 0x63, 0x65, 0x2e, 0x63, 0x60, 0x2e, 0x0a, 0x54, 0x68,
  0x65, 0x20, 0x73, 0x79, 0x73, 0x63, 0x61, 0x6c, 0x6c, 0x20, 0x70, 0x61, 0x74, 0x68, 0x20, 0x69,
  0x73, 0x20, 0x66, 0x6f, 0x72, 0x77, 0x61, 0x72, 0x64, 0x65, 0x64, 0x20, 0x74, 0x6f, 0x20, 0x60,
  0x73, 0x79, 0x73, 0x63, 0x61, 0x6c, 0x6c, 0x73, 0x2e, 0x63, 0x60, 0x3b, 0x20, 0x69, 0x74, 0x20,
  0x69, 0x73, 0x20, 0x6e, 0x6f, 0x74, 0x20, 0x69, 0x6d, 0x70, 0x6c, 0x65, 0x6d, 0x65, 0x6e, 0x74,
  0x65, 0x64, 0x20, 0x62, 0x79, 0x20, 0x74, 0x68, 0x65, 0x0a, 0x5a, 0x65, 0x74, 0x61, 0x20, 0x62,
  0x61, 0x63, 0x6b, 0x65, 0x6e, 0x64, 0x2e, 0x0a, 0x0a, 0x50, 0x4d, 0x2c, 0x20, 0x4d, 0x4d, 0x2c,
  0x20, 0x61, 0x6e, 0x64, 0x20, 0x46, 0x53, 0x20, 0x72, 0x65, 0x6d, 0x61, 0x69, 0x6e, 0x20, 0x6c,
  0x6f, 0x67, 0x69, 0x63, 0x61, 0x6c, 0x20, 0x73, 0x65, 0x72, 0x76, 0x69, 0x63, 0x65, 0x20, 0x62,
  0x6f, 0x75, 0x6e, 0x64, 0x61, 0x72, 0x69, 0x65, 0x73, 0x20, 0x61, 0x62, 0x6f, 0x76, 0x65, 0x20,
  0x74, 0x68, 0x69, 0x73, 0x20, 0x65, 0x6e, 0x74, 0x72, 0x79, 0x20, 0x70, 0x6f, 0x69, 0x6e, 0x74,
  0x2e, 0x20, 0x54, 0x68, 0x65, 0x69, 0x72, 0x0a, 0x66, 0x75, 0x74, 0x75, 0x72, 0x65, 0x20, 0x68,
  0x61, 0x6e, 0x64, 0x6c, 0x65, 0x72, 0x73, 0x20, 0x6d, 0x75, 0x73, 0x74, 0x20, 0x72, 0x65, 0x63,
  0x65, 0x69, 0x76, 0x65, 0x20, 0x4d, 0x49, 0x4e, 0x49, 0x58, 0x2d, 0x63, 0x6f, 0x6d, 0x70, 0x61,
  0x74, 0x69, 0x62, 0x6c, 0x65, 0x20, 0x6d, 0x65, 0x73, 0x73, 0x61, 0x67, 0x65, 0x73, 0x20, 0x61,
  0x6e, 0x64, 0x20, 0x75, 0x73, 0x65, 0x20, 0x74, 0x68, 0x65, 0x20, 0x65, 0x78, 0x69, 0x73, 0x74,
  0x69, 0x6e, 0x67, 0x0a, 0x6d, 0x65, 0x6d, 0x6f, 0x72, 0x79, 0x2d, 0x63, 0x6f, 0x70, 0x79, 0x20,
  0x62, 0x72, 0x69, 0x64, 0x67, 0x65, 0x20, 0x77, 0x68, 0x65, 0x6e, 0x20, 0x74, 0x68, 0x65, 0x79,
  0x20, 0x6e, 0x65, 0x65, 0x64, 0x20, 0x75, 0x73, 0x65, 0x72, 0x20, 0x6d, 0x65, 0x6d, 0x6f, 0x72,
  0x79, 0x2e, 0x20, 0x54, 0x68, 0x65, 0x79, 0x20, 0x6d, 0x75, 0x73, 0x74, 0x20, 0x6e, 0x6f, 0x74,
  0x20, 0x61, 0x63, 0x63, 0x65, 0x73, 0x73, 0x20, 0x62, 0x61, 0x6e, 0x6b, 0x0a, 0x72, 0x65, 0x67,
  0x69, 0x73, 0x74, 0x65, 0x72, 0x73, 0x20, 0x64, 0x69, 0x72, 0x65, 0x63, 0x74, 0x6c, 0x79, 0x2e,
  0x0a, 0x0a, 0x54, 0x68, 0x65, 0x20, 0x63, 0x75, 0x72, 0x72, 0x65, 0x6e, 0x74, 0x20, 0x63, 0x6c,
  0x69, 0x65, 0x6e, 0x74, 0x20, 0x62, 0x6f, 0x75, 0x6e, 0x64, 0x61, 0x72, 0x69, 0x65, 0x73, 0x20,
  0x61, 0x72, 0x65, 0x3a, 0x0a, 0x0a, 0x2d, 0x20, 0x60, 0x70, 0x6d, 0x2f, 0x70, 0x6d, 0x5f, 0x73,
  0x65, 0x72, 0x76, 0x69, 0x63, 0x65, 0x2e, 0x63, 0x60, 0x20, 0x65, 0x6d, 0x69, 0x74, 0x73, 0x20,
  0x60, 0x53, 0x59, 0x53, 0x5f, 0x46, 0x4f, 0x52, 0x4b, 0x60, 0x20, 0x61, 0x6e, 0x64, 0x20, 0x60,
  0x53, 0x59, 0x53, 0x5f, 0x58, 0x49, 0x54, 0x60, 0x0a, 0x2d, 0x20, 0x60, 0x6d, 0x6d, 0x2f, 0x6d,
  0x6d, 0x5f, 0x73, 0x65, 0x72, 0x76, 0x69, 0x63, 0x65, 0x2e, 0x63, 0x60, 0x20, 0x65, 0x6d, 0x69,
  0x74, 0x73, 0x20, 0x60, 0x53, 0x59, 0x53, 0x5f, 0x4e, 0x45, 0x57, 0x4d, 0x41, 0x50, 0x60, 0x20,
  0x61, 0x6e, 0x64, 0x20, 0x60, 0x53, 0x59, 0x53, 0x5f, 0x43, 0x4f, 0x50, 0x59, 0x60, 0x0a, 0x2d,
  0x20, 0x60, 0x66, 0x73, 0x2f, 0x66, 0x73, 0x5f, 0x73, 0x65, 0x72, 0x76, 0x69, 0x63, 0x65, 0x2e,
  0x63, 0x60, 0x20, 0x65, 0x6d, 0x69, 0x74, 0x73, 0x20, 0x65, 0x78, 0x69, 0x74, 0x20, 0x6e, 0x6f,
  0x74, 0x69, 0x66, 0x69, 0x63, 0x61, 0x74, 0x69, 0x6f, 0x6e, 0x73, 0x0a, 0x2d, 0x20, 0x60, 0x66,
  0x73, 0x2f, 0x62, 0x6c, 0x6f, 0x63, 0x6b, 0x5f, 0x64, 0x65, 0x76, 0x69, 0x63, 0x65, 0x2e, 0x63,
  0x60, 0x20, 0x70, 0x72, 0x6f, 0x76, 0x69, 0x64, 0x65, 0x73, 0x20, 0x66, 0x69, 0x78, 0x65, 0x64,
  0x2d, 0x73, 0x69, 0x7a, 0x65, 0x20, 0x62, 0x6c, 0x6f, 0x63, 0x6b, 0x20, 0x49, 0x2f, 0x4f, 0x20,
  0x63, 0x61, 0x6c, 0x6c, 0x62, 0x61, 0x63, 0x6b, 0x73, 0x20, 0x66, 0x6f, 0x72, 0x20, 0x74, 0x68,
  0x65, 0x20, 0x66, 0x75, 0x74, 0x75, 0x72, 0x65, 0x0a, 0x20, 0x20, 0x20, 0x4d, 0x49, 0x4e, 0x49,
  0x58, 0x20, 0x63, 0x61, 0x63, 0x68, 0x65, 0x2f, 0x69, 0x6e, 0x6f, 0x64, 0x65, 0x20, 0x6c, 0x61,
  0x79, 0x65, 0x72, 0x0a, 0x2d, 0x20, 0x60, 0x66, 0x73, 0x2f, 0x62, 0x6c, 0x6f, 0x63, 0x6b, 0x5f,
  0x63, 0x61, 0x63, 0x68, 0x65, 0x2e, 0x63, 0x60, 0x20, 0x61, 0x6e, 0x64, 0x20, 0x60, 0x66, 0x73,
  0x2f, 0x69, 0x6e, 0x6f, 0x64, 0x65, 0x5f, 0x74, 0x61, 0x62, 0x6c, 0x65, 0x2e, 0x63, 0x60, 0x20,
  0x70, 0x72, 0x6f, 0x76, 0x69, 0x64, 0x65, 0x20, 0x74, 0x68, 0x65, 0x20, 0x66, 0x69, 0x72, 0x73,
  0x74, 0x20, 0x69, 0x6e, 0x2d, 0x6d, 0x65, 0x6d, 0x6f, 0x72, 0x79, 0x20, 0x46, 0x53, 0x0a, 0x20,
  0x20, 0x20, 0x73, 0x74, 0x6f, 0x72, 0x61, 0x67, 0x65, 0x20, 0x73, 0x74, 0x72, 0x75, 0x63, 0x74,
  0x75, 0x72, 0x65, 0x73, 0x20, 0x61, 0x62, 0x6f, 0x76, 0x65, 0x20, 0x62, 0x6c, 0x6f, 0x63, 0x6b,
  0x20, 0x49, 0x2f, 0x4f, 0x0a, 0x2d, 0x20, 0x60, 0x66, 0x73, 0x2f, 0x73, 0x75, 0x70, 0x65, 0x72,
  0x62, 0x6c, 0x6f, 0x63, 0x6b, 0x2e, 0x63, 0x60, 0x20, 0x66, 0x6f, 0x72, 0x6d, 0x61, 0x74, 0x73,
  0x2c, 0x20, 0x6c, 0x6f, 0x61, 0x64, 0x73, 0x2c, 0x20, 0x61, 0x6e, 0x64, 0x20, 0x76, 0x61, 0x6c,
  0x69, 0x64, 0x61, 0x74, 0x65, 0x73, 0x20, 0x74, 0x68, 0x65, 0x20, 0x4d, 0x49, 0x4e, 0x49, 0x58,
  0x2d, 0x73, 0x74, 0x79, 0x6c, 0x65, 0x20, 0x64, 0x69, 0x73, 0x6b, 0x0a, 0x20, 0x20, 0x20, 0x67,
  0x65, 0x6f, 0x6d, 0x65, 0x74, 0x72, 0x79, 0x20, 0x6d, 0x65, 0x74, 0x61, 0x64, 0x61, 0x74, 0x61,
  0x0a, 0x2d, 0x20, 0x60, 0x66, 0x73, 0x2f, 0x64, 0x69, 0x72, 0x65, 0x63, 0x74, 0x6f, 0x72, 0x79,
  0x2e, 0x63, 0x60, 0x20, 0x61, 0x6e, 0x64, 0x20, 0x60, 0x66, 0x73, 0x2f, 0x70, 0x61, 0x74, 0x68,
  0x2e, 0x63, 0x60, 0x20, 0x70, 0x72, 0x6f, 0x76, 0x69, 0x64, 0x65, 0x20, 0x64, 0x69, 0x72, 0x65,
  0x63, 0x74, 0x6f, 0x72, 0x79, 0x2d, 0x65, 0x6e, 0x74, 0x72, 0x79, 0x20, 0x61, 0x6e, 0x64, 0x20,
  0x6d, 0x75, 0x6c, 0x74, 0x69, 0x2d, 0x63, 0x6f, 0x6d, 0x70, 0x6f, 0x6e, 0x65, 0x6e, 0x74, 0x0a,
  0x20, 0x20, 0x20, 0x70, 0x61, 0x74, 0x68, 0x20, 0x6c, 0x6f, 0x6f, 0x6b, 0x75, 0x70, 0x20, 0x61,
  0x62, 0x6f, 0x76, 0x65, 0x20, 0x74, 0x68, 0x65, 0x20, 0x69, 0x6e, 0x6f, 0x64, 0x65, 0x20, 0x6c,
  0x61, 0x79, 0x65, 0x72, 0x0a, 0x2d, 0x20, 0x60, 0x66, 0x73, 0x2f, 0x64, 0x69, 0x72, 0x65, 0x63,
  0x74, 0x6f, 0x72, 0x79, 0x5f, 0x73, 0x74, 0x6f, 0x72, 0x65, 0x2e, 0x63, 0x60, 0x20, 0x70, 0x65,
  0x72, 0x73, 0x69, 0x73, 0x74, 0x73, 0x20, 0x64, 0x69, 0x72, 0x65, 0x63, 0x74, 0x6f, 0x72, 0x79,
  0x20, 0x65, 0x6e, 0x74, 0x72, 0x69, 0x65, 0x73, 0x20, 0x74, 0x68, 0x72, 0x6f, 0x75, 0x67, 0x68,
  0x20, 0x74, 0x68, 0x65, 0x20, 0x62, 0x6c, 0x6f, 0x63, 0x6b, 0x20, 0x63, 0x61, 0x63, 0x68, 0x65,
  0x0a, 0x2d, 0x20, 0x60, 0x66, 0x73, 0x2f, 0x69, 0x6e, 0x6f, 0x64, 0x65, 0x5f, 0x73, 0x74, 0x6f,
  0x72, 0x65, 0x2e, 0x63, 0x60, 0x20, 0x70, 0x65, 0x72, 0x73, 0x69, 0x73, 0x74, 0x73, 0x20, 0x69,
  0x6e, 0x6f, 0x64, 0x65, 0x20, 0x6d, 0x65, 0x74, 0x61, 0x64, 0x61, 0x74, 0x61, 0x20, 0x61, 0x6e,
  0x64, 0x20, 0x64, 0x69, 0x72, 0x65, 0x63, 0x74, 0x20, 0x7a, 0x6f, 0x6e, 0x65, 0x73, 0x20, 0x74,
  0x68, 0x72, 0x6f, 0x75, 0x67, 0x68, 0x20, 0x74, 0x68, 0x65, 0x20, 0x62, 0x6c, 0x6f, 0x63, 0x6b,
  0x0a, 0x20, 0x20, 0x20, 0x63, 0x61, 0x63, 0x68, 0x65, 0x0a, 0x2d, 0x20, 0x60, 0x66, 0x73, 0x2f,
  0x66, 0x69, 0x6c, 0x65, 0x5f, 0x69, 0x6f, 0x2e, 0x63, 0x60, 0x20, 0x69, 0x6d, 0x70, 0x6c, 0x65,
  0x6d, 0x65, 0x6e, 0x74, 0x73, 0x20, 0x62, 0x6f, 0x75, 0x6e, 0x64, 0x65, 0x64, 0x20, 0x64, 0x69,
  0x72, 0x65, 0x63, 0x74, 0x2d, 0x7a, 0x6f, 0x6e, 0x65, 0x20, 0x66, 0x69, 0x6c, 0x65, 0x20, 0x72,
  0x65, 0x61, 0x64, 0x73, 0x20, 0x61, 0x6e, 0x64, 0x20, 0x77, 0x72, 0x69, 0x74, 0x65, 0x73, 0x20,
  0x61, 0x62, 0x6f, 0x76, 0x65, 0x0a, 0x20, 0x20, 0x20, 0x69, 0x6e, 0x6f, 0x64, 0x65, 0x20, 0x6d,
  0x65, 0x74, 0x61, 0x64, 0x61, 0x74, 0x61, 0x2c, 0x20, 0x69, 0x6e, 0x63, 0x6c, 0x75, 0x64, 0x69,
  0x6e, 0x67, 0x20, 0x73, 0x69, 0x6e, 0x67, 0x6c, 0x65, 0x2d, 0x69, 0x6e, 0x64, 0x69, 0x72, 0x65,
  0x63, 0x74, 0x20, 0x7a, 0x6f, 0x6e, 0x65, 0x73, 0x0a, 0x2d, 0x20, 0x60, 0x66, 0x73, 0x2f, 0x61,
  0x6c, 0x6c, 0x6f, 0x63, 0x61, 0x74, 0x6f, 0x72, 0x2e, 0x63, 0x60, 0x20, 0x6f, 0x77, 0x6e, 0x73,
  0x20, 0x65, 0x78, 0x70, 0x6c, 0x69, 0x63, 0x69, 0x74, 0x20, 0x64, 0x61, 0x74, 0x61, 0x2d, 0x7a,
  0x6f, 0x6e, 0x65, 0x20, 0x61, 0x6c, 0x6c, 0x6f, 0x63, 0x61, 0x74, 0x69, 0x6f, 0x6e, 0x20, 0x61,
  0x6e, 0x64, 0x20, 0x72, 0x65, 0x6c, 0x65, 0x61, 0x73, 0x65, 0x3b, 0x20, 0x66, 0x69, 0x6c, 0x65,
  0x20, 0x77, 0x72, 0x69, 0x74, 0x65, 0x73, 0x0a, 0x20, 0x20, 0x20, 0x6f, 0x6e, 0x6c, 0x79, 0x20,
  0x61, 0x6c, 0x6c, 0x6f, 0x63, 0x61, 0x74, 0x65, 0x20, 0x74, 0x68, 0x72, 0x6f, 0x75, 0x67, 0x68,
  0x20, 0x69, 0x74, 0x73, 0x20, 0x6f, 0x70, 0x74, 0x2d, 0x69, 0x6e, 0x20, 0x41, 0x50, 0x49, 0x0a,
  0x2d, 0x20, 0x60, 0x66, 0x73, 0x2f, 0x61, 0x6c, 0x6c, 0x6f, 0x63, 0x61, 0x74, 0x6f, 0x72, 0x5f,
  0x73, 0x74, 0x6f, 0x72, 0x65, 0x2e, 0x63, 0x60, 0x20, 0x70, 0x65, 0x72, 0x73, 0x69, 0x73, 0x74,
  0x73, 0x20, 0x74, 0x68, 0x65, 0x20, 0x7a, 0x6f, 0x6e, 0x65, 0x20, 0x62, 0x69, 0x74, 0x6d, 0x61,
  0x70, 0x20, 0x74, 0x68, 0x72, 0x6f, 0x75, 0x67, 0x68, 0x20, 0x74, 0x68, 0x65, 0x20, 0x62, 0x6c,
  0x6f, 0x63, 0x6b, 0x20, 0x63, 0x61, 0x63, 0x68, 0x65, 0x0a, 0x2d, 0x20, 0x60, 0x66, 0x73, 0x2f,
  0x76, 0x6f, 0x6c, 0x75, 0x6d, 0x65, 0x2e, 0x63, 0x60, 0x20, 0x63, 0x6f, 0x6f, 0x72, 0x64, 0x69,
  0x6e, 0x61, 0x74, 0x65, 0x73, 0x20, 0x66, 0x6f, 0x72, 0x6d, 0x61, 0x74, 0x2f, 0x6d, 0x6f, 0x75,
  0x6e, 0x74, 0x2f, 0x66, 0x6c, 0x75, 0x73, 0x68, 0x20, 0x66, 0x6f, 0x72, 0x20, 0x73, 0x75, 0x70,
  0x65, 0x72, 0x62, 0x6c, 0x6f, 0x63, 0x6b, 0x2c, 0x20, 0x61, 0x6c, 0x6c, 0x6f, 0x63, 0x61, 0x74,
  0x69, 0x6f, 0x6e, 0x2c, 0x0a, 0x20, 0x20, 0x69, 0x6e, 0x6f, 0x64, 0x65, 0x2c, 0x20, 0x61, 0x6e,
  0x64, 0x20, 0x72, 0x6f, 0x6f, 0x74, 0x2d, 0x64, 0x69, 0x72, 0x65, 0x63, 0x74, 0x6f, 0x72, 0x79,
  0x20, 0x73, 0x74, 0x61, 0x74, 0x65, 0x0a, 0x2d, 0x20, 0x60, 0x66, 0x73, 0x2f, 0x66, 0x73, 0x5f,
  0x73, 0x65, 0x72, 0x76, 0x69, 0x63, 0x65, 0x2e, 0x63, 0x60, 0x20, 0x61, 0x74, 0x74, 0x61, 0x63,
  0x68, 0x65, 0x73, 0x20, 0x61, 0x20, 0x6d, 0x6f, 0x75, 0x6e, 0x74, 0x65, 0x64, 0x20, 0x76, 0x6f,
  0x6c, 0x75, 0x6d, 0x65, 0x20, 0x61, 0x6e, 0x64, 0x20, 0x65, 0x78, 0x70, 0x6f, 0x73, 0x65, 0x73,
  0x20, 0x69, 0x6e, 0x6f, 0x64, 0x65, 0x2d, 0x6c, 0x65, 0x76, 0x65, 0x6c, 0x20, 0x66, 0x69, 0x6c,
  0x65, 0x20, 0x49, 0x2f, 0x4f, 0x0a, 0x20, 0x20, 0x20, 0x6f, 0x6e, 0x6c, 0x79, 0x20, 0x77, 0x68,
  0x69, 0x6c, 0x65, 0x20, 0x74, 0x68, 0x61, 0x74, 0x20, 0x76, 0x6f, 0x6c, 0x75, 0x6d, 0x65, 0x20,
  0x69, 0x73, 0x20, 0x6d, 0x6f, 0x75, 0x6e, 0x74, 0x65, 0x64, 0x0a, 0x2d, 0x20, 0x60, 0x66, 0x73,
  0x2f, 0x66, 0x73, 0x5f, 0x73, 0x65, 0x72, 0x76, 0x69, 0x63, 0x65, 0x2e, 0x63, 0x60, 0x20, 0x61,
  0x6c, 0x73, 0x6f, 0x20, 0x6f, 0x77, 0x6e, 0x73, 0x20, 0x72, 0x6f, 0x6f, 0x74, 0x20, 0x63, 0x72,
  0x65, 0x61, 0x74, 0x65, 0x2f, 0x6c, 0x6f, 0x6f, 0x6b, 0x75, 0x70, 0x20, 0x6f, 0x70, 0x65, 0x72,
  0x61, 0x74, 0x69, 0x6f, 0x6e, 0x73, 0x20, 0x61, 0x6e, 0x64, 0x20, 0x72, 0x6f, 0x75, 0x74, 0x65,
  0x73, 0x20, 0x77, 0x72, 0x69, 0x74, 0x65, 0x73, 0x0a, 0x20, 0x20, 0x20, 0x74, 0x68, 0x72, 0x6f,
  0x75, 0x67, 0x68, 0x20, 0x74, 0x68, 0x65, 0x20, 0x76, 0x6f, 0x6c, 0x75, 0x6d, 0x65, 0x20, 0x61,
  0x6c, 0x6c, 0x6f, 0x63, 0x61, 0x74, 0x6f, 0x72, 0x0a, 0x2d, 0x20, 0x60, 0x66, 0x73, 0x2f, 0x66,
  0x73, 0x5f, 0x73, 0x65, 0x72, 0x76, 0x69, 0x63, 0x65, 0x2e, 0x63, 0x60, 0x20, 0x63, 0x72, 0x65,
  0x61, 0x74, 0x65, 0x73, 0x20, 0x72, 0x6f, 0x6f, 0x74, 0x20, 0x64, 0x69, 0x72, 0x65, 0x63, 0x74,
  0x6f, 0x72, 0x69, 0x65, 0x73, 0x20, 0x77, 0x69, 0x74, 0x68, 0x20, 0x70, 0x65, 0x72, 0x73, 0x69,
  0x73, 0x74, 0x65, 0x6e, 0x74, 0x20, 0x60, 0x2e, 0x60, 0x20, 0x61, 0x6e, 0x64, 0x20, 0x60, 0x2e,
  0x2e, 0x60, 0x0a, 0x20, 0x20, 0x20, 0x65, 0x6e, 0x74, 0x72, 0x69, 0x65, 0x73, 0x20, 0x61, 0x6e,
  0x64, 0x20, 0x61, 0x6c, 0x6c, 0x6f, 0x63, 0x61, 0x74, 0x65, 0x73, 0x20, 0x74, 0x68, 0x65, 0x69,
  0x72, 0x20, 0x66, 0x69, 0x72, 0x73, 0x74, 0x20, 0x64, 0x61, 0x74, 0x61, 0x20, 0x7a, 0x6f, 0x6e,
  0x65, 0x0a, 0x2d, 0x20, 0x60, 0x66, 0x73, 0x2f, 0x66, 0x73, 0x5f, 0x73, 0x65, 0x72, 0x76, 0x69,
  0x63, 0x65, 0x2e, 0x63, 0x60, 0x20, 0x72, 0x65, 0x73, 0x6f, 0x6c, 0x76, 0x65, 0x73, 0x20, 0x6d,
  0x75, 0x6c, 0x74, 0x69, 0x2d, 0x63, 0x6f, 0x6d, 0x70, 0x6f, 0x6e, 0x65, 0x6e, 0x74, 0x20, 0x70,
  0x61, 0x74, 0x68, 0x73, 0x20, 0x74, 0x68, 0x72, 0x6f, 0x75, 0x67, 0x68, 0x20, 0x6d, 0x6f, 0x75,
  0x6e, 0x74, 0x65, 0x64, 0x20, 0x64, 0x69, 0x72, 0x65, 0x63, 0x74, 0x6f, 0x72, 0x79, 0x0a, 0x20,
  0x20, 0x20, 0x62, 0x6c, 0x6f, 0x63, 0x6b, 0x73, 0x20, 0x61, 0x6e, 0x64, 0x20, 0x65, 0x78, 0x70,
  0x6f, 0x73, 0x65, 0x73, 0x20, 0x60, 0x6f, 0x70, 0x65, 0x6e, 0x5f, 0x70, 0x61, 0x74, 0x68, 0x60,
  0x0a, 0x2d, 0x20, 0x60, 0x66, 0x73, 0x2f, 0x66, 0x73, 0x5f, 0x73, 0x65, 0x72, 0x76, 0x69, 0x63,
  0x65, 0x2e, 0x63, 0x60, 0x20, 0x6d, 0x61, 0x69, 0x6e, 0x74, 0x61, 0x69, 0x6e, 0x73, 0x20, 0x61,
  0x20, 0x62, 0x6f, 0x75, 0x6e, 0x64, 0x65, 0x64, 0x20, 0x6f, 0x70, 0x65, 0x6e, 0x2d, 0x66, 0x69,
  0x6c, 0x65, 0x20, 0x74, 0x61, 0x62, 0x6c, 0x65, 0x20, 0x77, 0x69, 0x74, 0x68, 0x20, 0x73, 0x65,
  0x71, 0x75, 0x65, 0x6e, 0x74, 0x69, 0x61, 0x6c, 0x0a, 0x20, 0x20, 0x20, 0x72, 0x65, 0x61, 0x64,
  0x2f, 0x77, 0x72, 0x69, 0x74, 0x65, 0x20, 0x70, 0x6f, 0x73, 0x69, 0x74, 0x69, 0x6f, 0x6e, 0x73,
  0x0a, 0x2d, 0x20, 0x60, 0x66, 0x73, 0x2f, 0x66, 0x73, 0x5f, 0x73, 0x65, 0x72, 0x76, 0x69, 0x63,
  0x65, 0x2e, 0x63, 0x60, 0x20, 0x65, 0x78, 0x70, 0x6f, 0x73, 0x65, 0x73, 0x20, 0x65, 0x78, 0x70,
  0x6c, 0x69, 0x63, 0x69, 0x74, 0x20, 0x73, 0x79, 0x6e, 0x63, 0x20, 0x61, 0x6e, 0x64, 0x20, 0x72,
  0x6f, 0x6f, 0x74, 0x20, 0x73, 0x74, 0x61, 0x74, 0x20, 0x6f, 0x70, 0x65, 0x72, 0x61, 0x74, 0x69,
  0x6f, 0x6e, 0x73, 0x20, 0x66, 0x6f, 0x72, 0x0a, 0x20, 0x20, 0x20, 0x6d, 0x65, 0x74, 0x61, 0x64,
  0x61, 0x74, 0x61, 0x20, 0x64, 0x75, 0x72, 0x61, 0x62, 0x69, 0x6c, 0x69, 0x74, 0x79, 0x20, 0x61,
  0x6e, 0x64, 0x20, 0x69, 0x6e, 0x73, 0x70, 0x65, 0x63, 0x74, 0x69, 0x6f, 0x6e, 0x0a, 0x2d, 0x20,
  0x60, 0x66, 0x73, 0x2f, 0x66, 0x73, 0x5f, 0x73, 0x65, 0x72, 0x76, 0x69, 0x63, 0x65, 0x2e, 0x63,
  0x60, 0x20, 0x70, 0x72, 0x6f, 0x76, 0x69, 0x64, 0x65, 0x73, 0x20, 0x66, 0x6c, 0x75, 0x73, 0x68,
  0x2d, 0x61, 0x6e, 0x64, 0x2d, 0x64, 0x65, 0x74, 0x61, 0x63, 0x68, 0x20, 0x75, 0x6e, 0x6d, 0x6f,
  0x75, 0x6e, 0x74, 0x2c, 0x20, 0x72, 0x65, 0x66, 0x75, 0x73, 0x69, 0x6e, 0x67, 0x20, 0x74, 0x6f,
  0x20, 0x75, 0x6e, 0x6d, 0x6f, 0x75, 0x6e, 0x74, 0x0a, 0x20, 0x20, 0x20, 0x77, 0x68, 0x69, 0x6c,
  0x65, 0x20, 0x66, 0x69, 0x6c, 0x65, 0x20, 0x68, 0x61, 0x6e, 0x64, 0x6c, 0x65, 0x73, 0x20, 0x72,
  0x65, 0x6d, 0x61, 0x69, 0x6e, 0x20, 0x6f, 0x70, 0x65, 0x6e, 0x0a, 0x2d, 0x20, 0x60, 0x66, 0x73,
  0x2f, 0x66, 0x73, 0x5f, 0x73, 0x65, 0x72, 0x76, 0x69, 0x63, 0x65, 0x2e, 0x63, 0x60, 0x20, 0x73,
  0x75, 0x70, 0x70, 0x6f, 0x72, 0x74, 0x73, 0x20, 0x73, 0x65, 0x65, 0x6b, 0x20, 0x61, 0x6e, 0x64,
  0x20, 0x75, 0x6e, 0x6c, 0x69, 0x6e, 0x6b, 0x2c, 0x20, 0x72, 0x65, 0x6c, 0x65, 0x61, 0x73, 0x69,
  0x6e, 0x67, 0x20, 0x64, 0x69, 0x72, 0x65, 0x63, 0x74, 0x20, 0x61, 0x6e, 0x64, 0x0a, 0x20, 0x20,
  0x20, 0x73, 0x69, 0x6e, 0x67, 0x6c, 0x65, 0x2d, 0x69, 0x6e, 0x64, 0x69, 0x72, 0x65, 0x63, 0x74,
  0x20, 0x64, 0x61, 0x74, 0x61, 0x20, 0x7a, 0x6f, 0x6e, 0x65, 0x73, 0x0a, 0x2d, 0x20, 0x75, 0x6e,
  0x6c, 0x69, 0x6e, 0x6b, 0x20, 0x72, 0x65, 0x66, 0x75, 0x73, 0x65, 0x73, 0x20, 0x6f, 0x70, 0x65,
  0x6e, 0x20, 0x69, 0x6e, 0x6f, 0x64, 0x65, 0x73, 0x3b, 0x20, 0x72, 0x6f, 0x6f, 0x74, 0x20, 0x72,
  0x65, 0x6e, 0x61, 0x6d, 0x65, 0x20, 0x70, 0x72, 0x65, 0x73, 0x65, 0x72, 0x76, 0x65, 0x73, 0x20,
  0x69, 0x6e, 0x6f, 0x64, 0x65, 0x20, 0x69, 0x64, 0x65, 0x6e, 0x74, 0x69, 0x74, 0x79, 0x20, 0x77,
  0x68, 0x69, 0x6c, 0x65, 0x0a, 0x20, 0x20, 0x20, 0x72, 0x65, 0x70, 0x6c, 0x61, 0x63, 0x69, 0x6e,
  0x67, 0x20, 0x74, 0x68, 0x65, 0x20, 0x64, 0x69, 0x72, 0x65, 0x63, 0x74, 0x6f, 0x72, 0x79, 0x20,
  0x65, 0x6e, 0x74, 0x72, 0x79, 0x0a, 0x2d, 0x20, 0x76, 0x6f, 0x6c, 0x75, 0x6d, 0x65, 0x20, 0x72,
  0x65, 0x6d, 0x6f, 0x75, 0x6e, 0x74, 0x20, 0x72, 0x65, 0x73, 0x74, 0x6f, 0x72, 0x65, 0x73, 0x20,
  0x73, 0x75, 0x70, 0x65, 0x72, 0x62, 0x6c, 0x6f, 0x63, 0x6b, 0x2c, 0x20, 0x61, 0x6c, 0x6c, 0x6f,
  0x63, 0x61, 0x74, 0x69, 0x6f, 0x6e, 0x2c, 0x20, 0x69, 0x6e, 0x6f, 0x64, 0x65, 0x2c, 0x20, 0x64,
  0x69, 0x72, 0x65, 0x63, 0x74, 0x6f, 0x72, 0x79, 0x2c, 0x20, 0x61, 0x6e, 0x64, 0x20, 0x66, 0x69,
  0x6c, 0x65, 0x0a, 0x20, 0x20, 0x20, 0x63, 0x6f, 0x6e, 0x74, 0x65, 0x6e, 0x74, 0x73, 0x20, 0x74,
  0x68, 0x72, 0x6f, 0x75, 0x67, 0x68, 0x20, 0x74, 0x68, 0x65, 0x20, 0x73, 0x61, 0x6d, 0x65, 0x20,
  0x62, 0x6c, 0x6f, 0x63, 0x6b, 0x2d, 0x64, 0x65, 0x76, 0x69, 0x63, 0x65, 0x20, 0x63, 0x6f, 0x6e,
  0x74, 0x72, 0x61, 0x63, 0x74, 0x0a, 0x2d, 0x20, 0x76, 0x6f, 0x6c, 0x75, 0x6d, 0x65, 0x20, 0x66,
  0x6f, 0x72, 0x6d, 0x61, 0x74, 0x20, 0x61, 0x6e, 0x64, 0x20, 0x6d, 0x6f, 0x75, 0x6e, 0x74, 0x20,
  0x72, 0x65, 0x6a, 0x65, 0x63, 0x74, 0x20, 0x67, 0x65, 0x6f, 0x6d, 0x65, 0x74, 0x72, 0x79, 0x20,
  0x74, 0x68, 0x61, 0x74, 0x20, 0x65, 0x78, 0x63, 0x65, 0x65, 0x64, 0x73, 0x20, 0x74, 0x68, 0x65,
  0x20, 0x70, 0x68, 0x79, 0x73, 0x69, 0x63, 0x61, 0x6c, 0x20, 0x64, 0x65, 0x76, 0x69, 0x63, 0x65,
  0x20, 0x6f, 0x72, 0x0a, 0x20, 0x20, 0x20, 0x6f, 0x76, 0x65, 0x72, 0x6c, 0x61, 0x70, 0x73, 0x20,
  0x72, 0x65, 0x73, 0x65, 0x72, 0x76, 0x65, 0x64, 0x20, 0x6d, 0x65, 0x74, 0x61, 0x64, 0x61, 0x74,
  0x61, 0x20, 0x62, 0x6c, 0x6f, 0x63, 0x6b, 0x73, 0x0a, 0x0a, 0x23, 0x23, 0x20, 0x54, 0x61, 0x72,
  0x67, 0x65, 0x74, 0x20, 0x76, 0x65, 0x72, 0x69, 0x66, 0x69, 0x63, 0x61, 0x74, 0x69, 0x6f, 0x6e,
  0x0a, 0x0a, 0x60, 0x62, 0x75, 0x69, 0x6c, 0x64, 0x5f, 0x74, 0x61, 0x72, 0x67, 0x65, 0x74, 0x2e,
  0x73, 0x68, 0x60, 0x20, 0x69, 0x73, 0x20, 0x74, 0x68, 0x65, 0x20, 0x63, 0x61, 0x6e, 0x6f, 0x6e,
  0x69, 0x63, 0x61, 0x6c, 0x20, 0x63, 0x72, 0x6f, 0x73, 0x73, 0x2d, 0x62, 0x75, 0x69, 0x6c, 0x64,
  0x20, 0x65, 0x6e, 0x74, 0x72, 0x79, 0x20, 0x70, 0x6f, 0x69, 0x6e, 0x74, 0x2e, 0x20, 0x49, 0x74,
  0x20, 0x75, 0x73, 0x65, 0x73, 0x20, 0x53, 0x44, 0x43, 0x43, 0x20, 0x77, 0x69, 0x74, 0x68, 0x0a,
  0x60, 0x2d, 0x6d, 0x7a, 0x38, 0x30, 0x20, 0x2d, 0x2d, 0x73, 0x74, 0x61, 0x63, 0x6b, 0x2d, 0x61,
  0x75, 0x74, 0x6f, 0x60, 0x2c, 0x20, 0x63, 0x6f, 0x6d, 0x70, 0x69, 0x6c, 0x65, 0x73, 0x20, 0x74,
  0x68, 0x65, 0x20, 0x63, 0x75, 0x72, 0x72, 0x65, 0x6e, 0x74, 0x20, 0x6b, 0x65, 0x72, 0x6e, 0x65,
  0x6c, 0x2f, 0x50, 0x4d, 0x2f, 0x4d, 0x4d, 0x2f, 0x46, 0x53, 0x20, 0x73, 0x6f, 0x75, 0x72, 0x63,
  0x65, 0x73, 0x2c, 0x20, 0x61, 0x6e, 0x64, 0x20, 0x6c, 0x69, 0x6e, 0x6b, 0x73, 0x0a, 0x74, 0x68,
  0x65, 0x20, 0x74, 0x61, 0x72, 0x67, 0x65, 0x74, 0x20, 0x76, 0x65, 0x72, 0x69, 0x66, 0x69, 0x63,
  0x61, 0x74, 0x69, 0x6f, 0x6e, 0x20, 0x69, 0x6d, 0x61, 0x67, 0x65, 0x73, 0x20, 0x77, 0x69, 0x74,
  0x68, 0x6f, 0x75, 0x74, 0x20, 0x68, 0x6f, 0x73, 0x74, 0x2d, 0x6e, 0x61, 0x74, 0x69, 0x76, 0x65,
  0x20, 0x65, 0x78, 0x65, 0x63, 0x75, 0x74, 0x69, 0x6f, 0x6e, 0x2e, 0x0a, 0x0a, 0x41, 0x6c, 0x6c,
  0x20, 0x74, 0x68, 0x72, 0x65, 0x65, 0x20, 0x75, 0x73, 0x65, 0x20, 0x60, 0x69, 0x6e, 0x63, 0x6c,
  0x75, 0x64, 0x65, 0x2f, 0x6d, 0x75, 0x7a, 0x69, 0x78, 0x5f, 0x6d, 0x65, 0x73, 0x73, 0x61, 0x67,
  0x65, 0x2e, 0x68, 0x60, 0x20, 0x61, 0x6e, 0x64, 0x20, 0x72, 0x6f, 0x75, 0x74, 0x65, 0x20, 0x74,
  0x68, 0x72, 0x6f, 0x75, 0x67, 0x68, 0x20, 0x60, 0x6b, 0x65, 0x72, 0x6e, 0x65, 0x6c, 0x2f, 0x73,
  0x79, 0x73, 0x74, 0x65, 0x6d, 0x5f, 0x74, 0x61, 0x73, 0x6b, 0x2e, 0x63, 0x60, 0x2e, 0x0a, 0x54,
  0x68, 0x65, 0x20, 0x6c, 0x6f, 0x77, 0x2d, 0x6c, 0x65, 0x76, 0x65, 0x6c, 0x20, 0x63, 0x6f, 0x70,
  0x79, 0x20, 0x69, 0x6d, 0x70, 0x6c, 0x65, 0x6d, 0x65, 0x6e, 0x74, 0x61, 0x74, 0x69, 0x6f, 0x6e,
  0x20, 0x72, 0x65, 0x6d, 0x61, 0x69, 0x6e, 0x73, 0x20, 0x69, 0x6e, 0x20, 0x60, 0x6b, 0x65, 0x72,
  0x6e, 0x65, 0x6c, 0x2f, 0x73, 0x79, 0x73, 0x74, 0x65, 0x6d, 0x5f, 0x63, 0x6f, 0x70, 0x79, 0x2e,
  0x63, 0x60, 0x20, 0x61, 0x6e, 0x64, 0x20, 0x74, 0x68, 0x65, 0x0a, 0x5a, 0x65, 0x74, 0x61, 0x20,
  0x62, 0x61, 0x6e, 0x6b, 0x69, 0x6e, 0x67, 0x20, 0x69, 0x6d, 0x70, 0x6c, 0x65, 0x6d, 0x65, 0x6e,
  0x74, 0x61, 0x74, 0x69, 0x6f, 0x6e, 0x20, 0x72, 0x65, 0x6d, 0x61, 0x69, 0x6e, 0x73, 0x20, 0x62,
  0x65, 0x6c, 0x6f, 0x77, 0x20, 0x69, 0x74, 0x2e, 0x0a, 0x0a, 0x23, 0x23, 0x20, 0xd0, 0x98, 0xd0,
  0xbc, 0xd0, 0xbf, 0xd0, 0xb5, 0xd1, 0x80, 0xd0, 0xb0, 0xd1, 0x82, 0xd0, 0xb8, 0xd0, 0xb2, 0x0a,
  0x0a, 0x2d, 0x20, 0xd0, 0x9d, 0xd0, 0xb5, 0x20, 0xd0, 0xbf, 0xd0, 0xb5, 0xd1, 0x80, 0xd0, 0xb5,
  0xd0, 0xbd, 0xd0, 0xbe, 0xd1, 0x81, 0xd0, 0xb8, 0xd1, 0x82, 0xd1, 0x8c, 0x20, 0x46, 0x75, 0x7a,
  0x69, 0x78, 0x20, 0x4d, 0x4d, 0x20, 0xd1, 0x86, 0xd0, 0xb5, 0xd0, 0xbb, 0xd0, 0xb8, 0xd0, 0xba,
  0xd0, 0xbe, 0xd0, 0xbc, 0x0a, 0x2d, 0x20, 0xd0, 0x9d, 0xd0, 0xb5, 0x20, 0xd0, 0xb7, 0xd0, 0xb0,
  0xd0, 0xbc, 0xd0, 0xb5, 0xd0, 0xbd, 0xd1, 0x8f, 0xd1, 0x82, 0xd1, 0x8c, 0x20, 0x4d, 0x49, 0x4e,
  0x49, 0x58, 0x20, 0x70, 0x72, 0x6f, 0x63, 0x65, 0x73, 0x73, 0x20, 0x6d, 0x6f, 0x64, 0x65, 0x6c,
  0x20, 0xd0, 0xbd, 0xd0, 0xb0, 0x20, 0x46, 0x75, 0x7a, 0x69, 0x78, 0x20, 0x6d, 0x6f, 0x64, 0x65,
  0x6c, 0x0a, 0x2d, 0x20, 0xd0, 0x98, 0xd1, 0x81, 0xd0, 0xbf, 0xd0, 0xbe, 0xd0, 0xbb, 0xd1, 0x8c,
  0xd0, 0xb7, 0xd0, 0xbe, 0xd0, 0xb2, 0xd0, 0xb0, 0xd1, 0x82, 0xd1, 0x8c, 0x20, 0x46, 0x75, 0x7a,
  0x69, 0x78, 0x20, 0xd1, 0x82, 0xd0, 0xbe, 0xd0, 0xbb, 0xd1, 0x8c, 0xd0, 0xba, 0xd0, 0xbe, 0x20,
  0xd0, 0xba, 0xd0, 0xb0, 0xd0, 0xba, 0x20, 0x72, 0x65, 0x66, 0x65, 0x72, 0x65, 0x6e, 0x63, 0x65,
  0x20, 0xd0, 0xb4, 0xd0, 0xbb, 0xd1, 0x8f, 0x20, 0xd1, 0x80, 0xd0, 0xb5, 0xd0, 0xb0, 0xd0, 0xbb,
  0xd1, 0x8c, 0xd0, 0xbd, 0xd0, 0xbe, 0xd0, 0xb3, 0xd0, 0xbe, 0x20, 0x5a, 0x65, 0x74, 0x61, 0x20,
  0x62, 0x61, 0x6e, 0x6b, 0x20, 0x73, 0x65, 0x6d, 0x61, 0x6e, 0x74, 0x69, 0x63, 0x73, 0x0a, 0x0a,
  0x23, 0x23, 0x20, 0xd0, 0x91, 0xd0, 0xb0, 0xd0, 0xb7, 0xd0, 0xb0, 0x20, 0xd1, 0x80, 0xd0, 0xb5,
  0xd0, 0xb0, 0xd0, 0xbb, 0xd0, 0xb8, 0xd0, 0xb7, 0xd0, 0xb0, 0xd1, 0x86, 0xd0, 0xb8, 0xd0, 0xb8,
  0x0a, 0x0a, 0xd0, 0x98, 0xd1, 0x82, 0xd0, 0xbe, 0xd0, 0xb3, 0xd0, 0xbe, 0xd0, 0xb2, 0xd0, 0xb0,
  0xd1, 0x8f, 0x20, 0xd1, 0x80, 0xd0, 0xb5, 0xd0, 0xb0, 0xd0, 0xbb, 0xd0, 0xb8, 0xd0, 0xb7, 0xd0,
  0xb0, 0xd1, 0x86, 0xd0, 0xb8, 0xd1, 0x8f, 0x20, 0xd0, 0xb4, 0xd0, 0xbe, 0xd0, 0xbb, 0xd0, 0xb6,
  0xd0, 0xbd, 0xd0, 0xb0, 0x20, 0xd1, 0x81, 0xd1, 0x82, 0xd1, 0x80, 0xd0, 0xbe, 0xd0, 0xb8, 0xd1,
  0x82, 0xd1, 0x8c, 0xd1, 0x81, 0xd1, 0x8f, 0x20, 0xd0, 0xbd, 0xd0, 0xb0, 0x20, 0xd1, 0x81, 0xd0,
  0xbb, 0xd0, 0xb5, 0xd0, 0xb4, 0xd1, 0x83, 0xd1, 0x8e, 0xd1, 0x89, 0xd0, 0xb8, 0xd1, 0x85, 0x20,
  0xd0, 0xbf, 0xd1, 0x80, 0xd0, 0xb8, 0xd0, 0xbd, 0xd1, 0x86, 0xd0, 0xb8, 0xd0, 0xbf, 0xd0, 0xb0,
  0xd1, 0x85, 0x3a, 0x0a, 0x0a, 0x2d, 0x20, 0xd0, 0xbb, 0xd0, 0xbe, 0xd0, 0xb3, 0xd0, 0xb8, 0xd1,
  0x87, 0xd0, 0xb5, 0xd1, 0x81, 0xd0, 0xba, 0xd0, 0xb8, 0xd0, 0xb5, 0x20, 0xd0, 0xbf, 0xd1, 0x80,
  0xd0, 0xbe, 0xd1, 0x86, 0xd0, 0xb5, 0xd1, 0x81, 0xd1, 0x81, 0xd1, 0x8b, 0x20, 0x4d, 0x49, 0x4e,
  0x49, 0x58, 0x20, 0xd0, 0xbe, 0xd1, 0x81, 0xd1, 0x82, 0xd0, 0xb0, 0xd1, 0x8e, 0xd1, 0x82, 0xd1,
  0x81, 0xd1, 0x8f, 0x20, 0xd0, 0xb2, 0x20, 0xd0, 0xbf, 0xd0, 0xb0, 0xd0, 0xbc, 0xd1, 0x8f, 0xd1,
  0x82, 0xd0, 0xb8, 0x20, 0xd0, 0xba, 0xd0, 0xb0, 0xd0, 0xba, 0x20, 0x54, 0x2f, 0x44, 0x2f, 0x53,
  0x20, 0x73, 0x65, 0x67, 0x6d, 0x65, 0x6e, 0x74, 0x73, 0x0a, 0x2d, 0x20, 0xd1, 0x84, 0xd0, 0xb8,
  0xd0, 0xb7, 0xd0, 0xb8, 0xd1, 0x87, 0xd0, 0xb5, 0xd1, 0x81, 0xd0, 0xba, 0xd0, 0xb8, 0xd0, 0xb5,
  0x20, 0xd0, 0xb0, 0xd0, 0xb4, 0xd1, 0x80, 0xd0, 0xb5, 0xd1, 0x81, 0xd0, 0xb0, 0x20, 0xd1, 0x85,
  0xd1, 0x80, 0xd0, 0xb0, 0xd0, 0xbd, 0xd1, 0x8f, 0xd1, 0x82, 0xd1, 0x81, 0xd1, 0x8f, 0x20, 0xd0,
  0xb2, 0x20, 0xd0, 0xbe, 0xd1, 0x82, 0xd0, 0xb4, 0xd0, 0xb5, 0xd0, 0xbb, 0xd1, 0x8c, 0xd0, 0xbd,
  0xd0, 0xbe, 0xd0, 0xbc, 0x20, 0x6d, 0x61, 0x70, 0x70, 0x69, 0x6e, 0x67, 0x20, 0x6c, 0x61, 0x79,
  0x65, 0x72, 0x0a, 0x2d, 0x20, 0xd0, 0xba, 0xd0, 0xb0, 0xd0, 0xb6, 0xd0, 0xb4, 0xd1, 0x8b, 0xd0,
  0xb9, 0x20, 0x63, 0x6f, 0x70, 0x79, 0x69, 0x6e, 0x2f, 0x63, 0x6f, 0x70, 0x79, 0x6f, 0x75, 0x74,
  0x20, 0xd0, 0xbe, 0xd0, 0xb1, 0xd1, 0x8f, 0xd0, 0xb7, 0xd0, 0xb0, 0xd0, 0xbd, 0x20, 0xd1, 0x81,
  0xd0, 0xbd, 0xd0, 0xb0, 0xd1, 0x87, 0xd0, 0xb0, 0xd0, 0xbb, 0xd0, 0xb0, 0x20, 0xd0, 0xbf, 0xd1,
  0x80, 0xd0, 0xbe, 0xd0, 0xb9, 0xd1, 0x82, 0xd0, 0xb8, 0x20, 0xd0, 0xbf, 0xd1, 0x80, 0xd0, 0xbe,
  0xd0, 0xb2, 0xd0, 0xb5, 0xd1, 0x80, 0xd0, 0xba, 0xd1, 0x83, 0x20, 0xd0, 0xb4, 0xd0, 0xb8, 0xd0,
  0xb0, 0xd0, 0xbf, 0xd0, 0xb0, 0xd0, 0xb7, 0xd0, 0xbe, 0xd0, 0xbd, 0xd0, 0xb0, 0x20, 0x54, 0x2f,
  0x44, 0x2f, 0x53, 0x20, 0xd1, 0x81, 0xd0, 0xb5, 0xd0, 0xb3, 0xd0, 0xbc, 0xd0, 0xb5, 0xd0, 0xbd,
  0xd1, 0x82, 0xd0, 0xb0, 0x0a, 0x2d, 0x20, 0x6b, 0x65, 0x72, 0x6e, 0x65, 0x6c, 0x20, 0x6d, 0x61,
  0x70, 0x70, 0x69, 0x6e, 0x67, 0x20, 0xd0, 0xbe, 0xd0, 0xb1, 0xd1, 0x8f, 0xd0, 0xb7, 0xd0, 0xb0,
  0xd0, 0xbd, 0x20, 0xd0, 0xb1, 0xd1, 0x8b, 0xd1, 0x82, 0xd1, 0x8c, 0x20, 0xd1, 0x81, 0xd1, 0x82,
  0xd0, 0xb0, 0xd0, 0xb1, 0xd0, 0xb8, 0xd0, 0xbb, 0xd1, 0x8c, 0xd0, 0xbd, 0xd1, 0x8b, 0xd0, 0xbc,
  0x20, 0xd0, 0xb8, 0x20, 0xd0, 0xb7, 0xd0, 0xb0, 0xd0, 0xbc, 0xd0, 0xb5, 0xd0, 0xbd, 0xd1, 0x8f,
  0xd0, 0xb5, 0xd0, 0xbc, 0xd1, 0x8b, 0xd0, 0xbc, 0x0a, 0x2d, 0x20, 0xd0, 0xb2, 0xd1, 0x80, 0xd0,
  0xb5, 0xd0, 0xbc, 0xd0, 0xb5, 0xd0, 0xbd, 0xd0, 0xbd, 0xd1, 0x8b, 0xd0, 0xb5, 0x20, 0xd0, 0xbf,
  0xd0, 0xb5, 0xd1, 0x80, 0xd0, 0xb5, 0xd0, 0xba, 0xd0, 0xbb, 0xd1, 0x8e, 0xd1, 0x87, 0xd0, 0xb5,
  0xd0, 0xbd, 0xd0, 0xb8, 0xd1, 0x8f, 0x20, 0xd0, 0xb1, 0xd0, 0xb0, 0xd0, 0xbd, 0xd0, 0xba, 0xd0,
  0xbe, 0xd0, 0xb2, 0x20, 0xd0, 0xb4, 0xd0, 0xbe, 0xd0, 0xbb, 0xd0, 0xb6, 0xd0, 0xbd, 0xd1, 0x8b,
  0x20, 0xd0, 0xb3, 0xd0, 0xb0, 0xd1, 0x80, 0xd0, 0xb0, 0xd0, 0xbd, 0xd1, 0x82, 0xd0, 0xb8, 0xd1,
  0x80, 0xd0, 0xbe, 0xd0, 0xb2, 0xd0, 0xb0, 0xd0, 0xbd, 0xd0, 0xbd, 0xd0, 0xbe, 0x20, 0xd0, 0xb2,
  0xd0, 0xbe, 0xd1, 0x81, 0xd1, 0x81, 0xd1, 0x82, 0xd0, 0xb0, 0xd0, 0xbd, 0xd0, 0xb0, 0xd0, 0xb2,
  0xd0, 0xbb, 0xd0, 0xb8, 0xd0, 0xb2, 0xd0, 0xb0, 0xd1, 0x82, 0xd1, 0x8c, 0xd1, 0x81, 0xd1, 0x8f,
  0x0a, 0x2d, 0x20, 0x73, 0x79, 0x73, 0x74, 0x65, 0x6d, 0x20, 0x74, 0x61, 0x73, 0x6b, 0x20, 0x6d,
  0x65, 0x73, 0x73, 0x61, 0x67, 0x65, 0x73, 0x20, 0x61, 0x6e, 0x64, 0x20, 0x73, 0x79, 0x73, 0x63,
  0x61, 0x6c, 0x6c, 0x73, 0x20, 0x75, 0x73, 0x65, 0x20, 0x73, 0x65, 0x70, 0x61, 0x72, 0x61, 0x74,
  0x65, 0x20, 0x6f, 0x70, 0x63, 0x6f, 0x64, 0x65, 0x20, 0x6e, 0x61, 0x6d, 0x65, 0x73, 0x70, 0x61,
  0x63, 0x65, 0x73, 0x0a, 0x2d, 0x20, 0x6f, 0x6e, 0x6c, 0x79, 0x20, 0x74, 0x68, 0x65, 0x20, 0x5a,
  0x65, 0x74, 0x61, 0x20, 0x61, 0x64, 0x61, 0x70, 0x74, 0x61, 0x74, 0x69, 0x6f, 0x6e, 0x20, 0x6c,
  0x61, 0x79, 0x65, 0x72, 0x20, 0x6d, 0x61, 0x79, 0x20, 0x6d, 0x61, 0x6e, 0x69, 0x70, 0x75, 0x6c,
  0x61, 0x74, 0x65, 0x20, 0x70, 0x68, 0x79, 0x73, 0x69, 0x63, 0x61, 0x6c, 0x20, 0x62, 0x61, 0x6e,
  0x6b, 0x20, 0x6d, 0x61, 0x70, 0x70, 0x69, 0x6e, 0x67, 0x73, 0x0a, 0x00, 0x00, 0x00, 0x00, 0x00,
  0x00, 0x00, 0x00, 0x00, 0x00, 0x00, 0x00, 0x00, 0x00, 0x00, 0x00, 0x00, 0x00, 0x00, 0x00, 0x00,
  0x00, 0x00, 0x00, 0x00, 0x00, 0x00, 0x00, 0x00, 0x00, 0x00, 0x00, 0x00, 0x00, 0x00, 0x00, 0x00,
  0x00, 0x00, 0x00, 0x00, 0x00, 0x00, 0x00, 0x00, 0x00, 0x00, 0x00, 0x00, 0x00, 0x00, 0x00, 0x00,
  0x00, 0x00, 0x00, 0x00, 0x00, 0x00, 0x00, 0x00, 0x00, 0x00, 0x00, 0x00, 0x00, 0x00, 0x00, 0x00,
  0x00, 0x00, 0x00, 0x00, 0x00, 0x00, 0x00, 0x00, 0x00, 0x00, 0x00, 0x00, 0x00, 0x00, 0x00, 0x00,
  0x00, 0x00, 0x00, 0x00, 0x00, 0x00, 0x00, 0x00, 0x00, 0x00, 0x00, 0x00, 0x00, 0x00, 0x00, 0x00,
  0x00, 0x00, 0x00, 0x00, 0x00, 0x00, 0x00, 0x00, 0x00, 0x00, 0x00, 0x00, 0x00, 0x00, 0x00, 0x00,
  0x00, 0x00, 0x00, 0x00, 0x00, 0x00, 0x00, 0x00, 0x00, 0x00, 0x00, 0x00, 0x00, 0x00, 0x00, 0x00,
  0x00, 0x00, 0x00, 0x00, 0x00, 0x00, 0x00, 0x00, 0x00, 0x00, 0x00, 0x00, 0x00, 0x00, 0x00, 0x00,
  0x00, 0x00, 0x00, 0x00, 0x00, 0x00, 0x00, 0x00, 0x00, 0x00, 0x00, 0x00, 0x00, 0x00, 0x00, 0x00,
  0x00, 0x00, 0x00, 0x00, 0x00, 0x00, 0x00, 0x00, 0x00, 0x00, 0x00, 0x00, 0x00, 0x00, 0x00, 0x00,
  0x23, 0x20, 0x5a, 0x65, 0x74, 0x61, 0x20, 0x53, 0x42, 0x43, 0x20, 0x56, 0x32, 0x20, 0x68, 0x61,
  0x72, 0x64, 0x77, 0x61, 0x72, 0x65, 0x20, 0x6e, 0x6f, 0x74, 0x65, 0x73, 0x0a, 0x0a, 0x23, 0x23,
  0x20, 0xd0, 0x91, 0xd0, 0xb0, 0xd0, 0xbd, 0xd0, 0xba, 0xd0, 0xbe, 0xd0, 0xb2, 0xd0, 0xb0, 0xd1,
  0x8f, 0x20, 0xd0, 0xbf, 0xd0, 0xb0, 0xd0, 0xbc, 0xd1, 0x8f, 0xd1, 0x82, 0xd1, 0x8c, 0x0a, 0x0a,
  0x2d, 0x20, 0x35, 0x31, 0x32, 0x20, 0x4b, 0x69, 0x42, 0x20, 0x53, 0x52, 0x41, 0x4d, 0x0a, 0x2d,
  0x20, 0x31, 0x36, 0x20, 0x4b, 0x69, 0x42, 0x20, 0x62, 0x61, 0x6e, 0x6b, 0x20, 0x73, 0x69, 0x7a,
  0x65, 0x0a, 0x2d, 0x20, 0x33, 0x32, 0x20, 0x70, 0x68, 0x79, 0x73, 0x69, 0x63, 0x61, 0x6c, 0x20,
  0x62, 0x61, 0x6e, 0x6b, 0x73, 0x20, 0x74, 0x6f, 0x74, 0x61, 0x6c, 0x0a, 0x2d, 0x20, 0x36, 0x34,
  0x20, 0x4b, 0x69, 0x42, 0x20, 0x6c, 0x6f, 0x67, 0x69, 0x63, 0x61, 0x6c, 0x20, 0x5a, 0x38, 0x30,
  0x20, 0x61, 0x64, 0x64, 0x72, 0x65, 0x73, 0x73, 0x20, 0x73, 0x70, 0x61, 0x63, 0x65, 0x0a, 0x0a,
  0x23, 0x23, 0x20, 0xd0, 0xa0, 0xd0, 0xb5, 0xd0, 0xb0, 0xd0, 0xbb, 0xd1, 0x8c, 0xd0, 0xbd, 0xd1,
  0x8b, 0xd0, 0xb5, 0x20, 0xd0, 0xbf, 0xd0, 0xbe, 0xd1, 0x80, 0xd1, 0x82, 0xd1, 0x8b, 0x0a, 0x0a,
  0xd0, 0x9d, 0xd0, 0xb0, 0x20, 0xd0, 0xbe, 0xd1, 0x81, 0xd0, 0xbd, 0xd0, 0xbe, 0xd0, 0xb2, 0xd0,
  0xb0, 0xd0, 0xbd, 0xd0, 0xb8, 0xd0, 0xb8, 0x20, 0xd0, 0xb8, 0xd1, 0x81, 0xd1, 0x85, 0xd0, 0xbe,
  0xd0, 0xb4, 0xd0, 0xbd, 0xd0, 0xb8, 0xd0, 0xba, 0xd0, 0xbe, 0xd0, 0xb2, 0x20, 0x46, 0x75, 0x7a,
  0x69, 0x78, 0x3a, 0x0a, 0x0a, 0x2d, 0x20, 0x4d, 0x50, 0x47, 0x53, 0x45, 0x4c, 0x5f, 0x30, 0x20,
  0x3d, 0x20, 0x30, 0x78, 0x37, 0x38, 0x0a, 0x2d, 0x20, 0x4d, 0x50, 0x47, 0x53, 0x45, 0x4c, 0x5f,
  0x31, 0x20, 0x3d, 0x20, 0x30, 0x78, 0x37, 0x39, 0x0a, 0x2d, 0x20, 0x4d, 0x50, 0x47, 0x53, 0x45,
  0x4c, 0x5f, 0x32, 0x20, 0x3d, 0x20, 0x30, 0x78, 0x37, 0x41, 0x0a, 0x2d, 0x20, 0x4d, 0x50, 0x47,
  0x53, 0x45, 0x4c, 0x5f, 0x33, 0x20, 0x3d, 0x20, 0x30, 0x78, 0x37, 0x42, 0x0a, 0x2d, 0x20, 0x4d,
  0x50, 0x47, 0x45, 0x4e, 0x41, 0x20, 0x3d, 0x20, 0x30, 0x78, 0x37, 0x43, 0x0a, 0x0a, 0x23, 0x23,
  0x20, 0xd0, 0xa0, 0xd0, 0xb5, 0xd0, 0xb0, 0xd0, 0xbb, 0xd1, 0x8c, 0xd0, 0xbd, 0xd1, 0x8b, 0xd0,
  0xb9, 0x20, 0xd0, 0xb8, 0xd1, 0x81, 0xd1, 0x82, 0xd0, 0xbe, 0xd1, 0x87, 0xd0, 0xbd, 0xd0, 0xb8,
  0xd0, 0xba, 0x0a, 0x0a, 0x2d, 0x20, 0x46, 0x55, 0x5a, 0x49, 0x58, 0x2d, 0x73, 0x6f, 0x75, 0x72,
  0x63, 0x65, 0x2f, 0x4b, 0x65, 0x72, 0x6e, 0x65, 0x6c, 0x2f, 0x70, 0x6c, 0x61, 0x74, 0x66, 0x6f,
  0x72, 0x6d, 0x2f, 0x70, 0x6c, 0x61, 0x74, 0x66, 0x6f, 0x72, 0x6d, 0x2d, 0x7a, 0x65, 0x74, 0x61,
  0x2d, 0x76, 0x32, 0x2f, 0x6b, 0x65, 0x72, 0x6e, 0x65, 0x6c, 0x2e, 0x64, 0x65, 0x66, 0x0a, 0x2d,
  0x20, 0x46, 0x55, 0x5a, 0x49, 0x58, 0x2d, 0x73, 0x6f, 0x75, 0x72, 0x63, 0x65, 0x2f, 0x4b, 0x65,
  0x72, 0x6e, 0x65, 0x6c, 0x2f, 0x70, 0x6c, 0x61, 0x74, 0x66, 0x6f, 0x72, 0x6d, 0x2f, 0x70, 0x6c,
  0x61, 0x74, 0x66, 0x6f, 0x72, 0x6d, 0x2d, 0x7a, 0x65, 0x74, 0x61, 0x2d, 0x76, 0x32, 0x2f, 0x62,
  0x6f, 0x6f, 0x74, 0x72, 0x6f, 0x6d, 0x2e, 0x73, 0x0a, 0x2d, 0x20, 0x46, 0x55, 0x5a, 0x49, 0x58,
  0x2d, 0x73, 0x6f, 0x75, 0x72, 0x63, 0x65, 0x2f, 0x4b, 0x65, 0x72, 0x6e, 0x65, 0x6c, 0x2f, 0x70,
  0x6c, 0x61, 0x74, 0x66, 0x6f, 0x72, 0x6d, 0x2f, 0x70, 0x6c, 0x61, 0x74, 0x66, 0x6f, 0x72, 0x6d,
  0x2d, 0x7a, 0x65, 0x74, 0x61, 0x2d, 0x76, 0x32, 0x2f, 0x7a, 0x65, 0x74, 0x61, 0x2d, 0x76, 0x32,
  0x2e, 0x73, 0x0a, 0x0a, 0x23, 0x23, 0x20, 0xd0, 0x92, 0xd0, 0xb0, 0xd0, 0xb6, 0xd0, 0xbd, 0xd0,
  0xbe, 0xd0, 0xb5, 0x20, 0xd0, 0xbf, 0xd1, 0x80, 0xd0, 0xb5, 0xd0, 0xb4, 0xd1, 0x83, 0xd0, 0xbf,
  0xd1, 0x80, 0xd0, 0xb5, 0xd0, 0xb6, 0xd0, 0xb4, 0xd0, 0xb5, 0xd0, 0xbd, 0xd0, 0xb8, 0xd0, 0xb5,
  0x0a, 0x0a, 0xd0, 0x9d, 0xd0, 0xb5, 0x20, 0xd1, 0x81, 0xd0, 0xbb, 0xd0, 0xb5, 0xd0, 0xb4, 0xd1,
  0x83, 0xd0, 0xb5, 0xd1, 0x82, 0x20, 0xd1, 0x81, 0xd1, 0x87, 0xd0, 0xb8, 0xd1, 0x82, 0xd0, 0xb0,
  0xd1, 0x82, 0xd1, 0x8c, 0x2c, 0x20, 0xd1, 0x87, 0xd1, 0x82, 0xd0, 0xbe, 0x20, 0xd0, 0xb2, 0xd1,
  0x81, 0xd0, 0xb5, 0x20, 0x34, 0x20, 0xd0, 0xbe, 0xd0, 0xba, 0xd0, 0xbd, 0xd0, 0xb0, 0x20, 0xd0,
  0xb2, 0xd1, 0x81, 0xd0, 0xb5, 0xd0, 0xb3, 0xd0, 0xb4, 0xd0, 0xb0, 0x20, 0xd0, 0xbf, 0xd0, 0xbe,
  0xd0, 0xbb, 0xd0, 0xbd, 0xd0, 0xbe, 0xd1, 0x81, 0xd1, 0x82, 0xd1, 0x8c, 0xd1, 0x8e, 0x20, 0xd0,
  0xbd, 0xd0, 0xb5, 0xd0, 0xb7, 0xd0, 0xb0, 0xd0, 0xb2, 0xd0, 0xb8, 0xd1, 0x81, 0xd0, 0xb8, 0xd0,
  0xbc, 0xd1, 0x8b, 0x20, 0xd0, 0xb1, 0xd0, 0xb5, 0xd0, 0xb7, 0x20, 0x6b, 0x65, 0x72, 0x6e, 0x65,
  0x6c, 0x2f, 0x63, 0x6f, 0x6d, 0x6d, 0x6f, 0x6e, 0x20, 0x6d, 0x61, 0x70, 0x70, 0x69, 0x6e, 0x67,
  0x2e, 0x20, 0xd0, 0x98, 0xd1, 0x81, 0xd1, 0x82, 0xd0, 0xbe, 0xd1, 0x87, 0xd0, 0xbd, 0xd0, 0xb8,
  0xd0, 0xba, 0x20, 0x46, 0x75, 0x7a, 0x69, 0x78, 0x20, 0xd0, 0xbf, 0xd0, 0xbe, 0xd0, 0xba, 0xd0,
  0xb0, 0xd0, 0xb7, 0xd1, 0x8b, 0xd0, 0xb2, 0xd0, 0xb0, 0xd0, 0xb5, 0xd1, 0x82, 0x20, 0xd1, 0x84,
  0xd0, 0xb8, 0xd0, 0xba, 0xd1, 0x81, 0xd0, 0xb8, 0xd1, 0x80, 0xd0, 0xbe, 0xd0, 0xb2, 0xd0, 0xb0,
  0xd0, 0xbd, 0xd0, 0xbd, 0xd1, 0x8b, 0xd0, 0xb9, 0x20, 0x6b, 0x65, 0x72, 0x6e, 0x65, 0x6c, 0x2f,
  0x63, 0x6f, 0x6d, 0x6d, 0x6f, 0x6e, 0x20, 0x70, 0x61, 0x74, 0x74, 0x65, 0x72, 0x6e, 0x20, 0xd0,
  0xb8, 0x20, 0x70, 0x61, 0x67, 0x65, 0x20, 0x74, 0x61, 0x62, 0x6c, 0x65, 0x20, 0x6d, 0x61, 0x70,
  0x70, 0x69, 0x6e, 0x67, 0x20, 0xd0, 0xb2, 0x20, 0xd0, 0xb1, 0xd0, 0xbe, 0xd0, 0xbb, 0xd1, 0x8c,
  0xd1, 0x88, 0xd0, 0xb8, 0xd0, 0xbd, 0xd1, 0x81, 0xd1, 0x82, 0xd0, 0xb2, 0xd0, 0xb5, 0x20, 0x72,
  0x75, 0x6e, 0x74, 0x69, 0x6d, 0x65, 0x2d, 0xd0, 0xbf, 0xd1, 0x83, 0xd1, 0x82, 0xd0, 0xb5, 0xd0,
  0xb9, 0x2e, 0x0a, 0x00, 0x00, 0x00, 0x00, 0x00, 0x00, 0x00, 0x00, 0x00, 0x00, 0x00, 0x00, 0x00,
  0x00, 0x00, 0x00, 0x00, 0x00, 0x00, 0x00, 0x00, 0x00, 0x00, 0x00, 0x00, 0x00, 0x00, 0x00, 0x00,
  0x00, 0x00, 0x00, 0x00, 0x00, 0x00, 0x00, 0x00, 0x00, 0x00, 0x00, 0x00, 0x00, 0x00, 0x00, 0x00,
  0x00, 0x00, 0x00, 0x00, 0x00, 0x00, 0x00, 0x00, 0x00, 0x00, 0x00, 0x00, 0x00, 0x00, 0x00, 0x00,
  0x00, 0x00, 0x00, 0x00, 0x00, 0x00, 0x00, 0x00, 0x00, 0x00, 0x00, 0x00, 0x00, 0x00, 0x00, 0x00,
  0x00, 0x00, 0x00, 0x00, 0x00, 0x00, 0x00, 0x00, 0x00, 0x00, 0x00, 0x00, 0x00, 0x00, 0x00, 0x00,
  0x00, 0x00, 0x00, 0x00, 0x00, 0x00, 0x00, 0x00, 0x00, 0x00, 0x00, 0x00, 0x00, 0x00, 0x00, 0x00,
  0x00, 0x00, 0x00, 0x00, 0x00, 0x00, 0x00, 0x00, 0x00, 0x00, 0x00, 0x00, 0x00, 0x00, 0x00, 0x00,
  0x23, 0x20, 0x4d, 0x49, 0x4e, 0x49, 0x58, 0x20, 0x63, 0x6f, 0x70, 0x79, 0x20, 0x62, 0x72, 0x69,
  0x64, 0x67, 0x65, 0x20, 0x66, 0x6f, 0x72, 0x20, 0x5a, 0x65, 0x74, 0x61, 0x20, 0x62, 0x61, 0x63,
  0x6b, 0x65, 0x6e, 0x64, 0x0a, 0x0a, 0x23, 0x23, 0x20, 0x47, 0x6f, 0x61, 0x6c, 0x0a, 0x0a, 0x54,
  0x68, 0x65, 0x20, 0x5a, 0x65, 0x74, 0x61, 0x20, 0x56, 0x32, 0x20, 0x62, 0x61, 0x6e, 0x6b, 0x69,
  0x6e, 0x67, 0x20, 0x6c, 0x61, 0x79, 0x65, 0x72, 0x20, 0x6d, 0x75, 0x73, 0x74, 0x20, 0x6e, 0x6f,
  0x74, 0x20, 0x72, 0x65, 0x70, 0x6c, 0x61, 0x63, 0x65, 0x20, 0x74, 0x68, 0x65, 0x20, 0x4d, 0x49,
  0x4e, 0x49, 0x58, 0x20, 0x70, 0x72, 0x6f, 0x63, 0x65, 0x73, 0x73, 0x20, 0x6d, 0x6f, 0x64, 0x65,
  0x6c, 0x2e, 0x20, 0x49, 0x74, 0x20, 0x6f, 0x6e, 0x6c, 0x79, 0x20, 0x73, 0x75, 0x70, 0x70, 0x6c,
  0x69, 0x65, 0x73, 0x20, 0x61, 0x20, 0x62, 0x61, 0x63, 0x6b, 0x65, 0x6e, 0x64, 0x20, 0x66, 0x6f,
  0x72, 0x20, 0x70, 0x68, 0x79, 0x73, 0x69, 0x63, 0x61, 0x6c, 0x20, 0x77, 0x69, 0x6e, 0x64, 0x6f,
  0x77, 0x20, 0x6d, 0x61, 0x70, 0x70, 0x69, 0x6e, 0x67, 0x2e, 0x0a, 0x0a, 0x54, 0x68, 0x65, 0x20,
  0x63, 0x6f, 0x72, 0x72, 0x65, 0x63, 0x74, 0x20, 0x70, 0x6f, 0x72, 0x74, 0x69, 0x6e, 0x67, 0x20,
  0x62, 0x6f, 0x75, 0x6e, 0x64, 0x61, 0x72, 0x79, 0x20, 0x69, 0x73, 0x3a, 0x0a, 0x0a, 0x2d, 0x20,
  0x4d, 0x49, 0x4e, 0x49, 0x58, 0x20, 0x6f, 0x77, 0x6e, 0x73, 0x20, 0x70, 0x72, 0x6f, 0x63, 0x65,
  0x73, 0x73, 0x20, 0x6d, 0x65, 0x6d, 0x6f, 0x72, 0x79, 0x20, 0x6c, 0x61, 0x79, 0x6f, 0x75, 0x74,
  0x20, 0x28, 0x60, 0x70, 0x5f, 0x6d, 0x61, 0x70, 0x5b, 0x54, 0x7c, 0x44, 0x7c, 0x53, 0x5d, 0x60,
  0x20, 0x2f, 0x20, 0x60, 0x6d, 0x70, 0x72, 0x6f, 0x63, 0x2e, 0x6d, 0x70, 0x5f, 0x73, 0x65, 0x67,
  0x5b, 0x5d, 0x60, 0x29, 0x0a, 0x2d, 0x20, 0x4d, 0x49, 0x4e, 0x49, 0x58, 0x20, 0x6f, 0x77, 0x6e,
  0x73, 0x20, 0x61, 0x64, 0x64, 0x72, 0x65, 0x73, 0x73, 0x20, 0x74, 0x72, 0x61, 0x6e, 0x73, 0x6c,
  0x61, 0x74, 0x69, 0x6f, 0x6e, 0x20, 0x28, 0x60, 0x75, 0x6d, 0x61, 0x70, 0x28, 0x29, 0x60, 0x29,
  0x0a, 0x2d, 0x20, 0x4d, 0x49, 0x4e, 0x49, 0x58, 0x20, 0x6f, 0x77, 0x6e, 0x73, 0x20, 0x63, 0x6f,
  0x70, 0x79, 0x20, 0x73, 0x65, 0x6d, 0x61, 0x6e, 0x74, 0x69, 0x63, 0x73, 0x20, 0x28, 0x60, 0x73,
  0x79, 0x73, 0x5f, 0x63, 0x6f, 0x70, 0x79, 0x28, 0x29, 0x60, 0x20, 0x2f, 0x20, 0x60, 0x64, 0x6f,
  0x5f, 0x63, 0x6f, 0x70, 0x79, 0x28, 0x29, 0x60, 0x29, 0x0a, 0x2d, 0x20, 0x5a, 0x65, 0x74, 0x61,
  0x20, 0x6f, 0x77, 0x6e, 0x73, 0x20, 0x70, 0x61, 0x67, 0x65, 0x2d, 0x77, 0x69, 0x6e, 0x64, 0x6f,
  0x77, 0x20, 0x73, 0x65, 0x6c, 0x65, 0x63, 0x74, 0x69, 0x6f, 0x6e, 0x2c, 0x20, 0x62, 0x61, 0x6e,
  0x6b, 0x20, 0x72, 0x65, 0x67, 0x69, 0x73, 0x74, 0x65, 0x72, 0x73, 0x2c, 0x20, 0x61, 0x6e, 0x64,
  0x20, 0x74, 0x65, 0x6d, 0x70, 0x6f, 0x72, 0x61, 0x72, 0x79, 0x20, 0x6d, 0x61, 0x70, 0x20, 0x73,
  0x77, 0x69, 0x74, 0x63, 0x68, 0x69, 0x6e, 0x67, 0x0a, 0x0a, 0x23, 0x23, 0x20, 0x52, 0x65, 0x61,
  0x6c, 0x20, 0x4d, 0x49, 0x4e, 0x49, 0x58, 0x20, 0x66, 0x6c, 0x6f, 0x77, 0x0a, 0x0a, 0x31, 0x2e,
  0x20, 0x41, 0x20, 0x63, 0x61, 0x6c, 0x6c, 0x65, 0x72, 0x20, 0x72, 0x65, 0x71, 0x75, 0x65, 0x73,
  0x74, 0x73, 0x20, 0x61, 0x20, 0x63, 0x6f, 0x70, 0x79, 0x20, 0x77, 0x69, 0x74, 0x68, 0x20, 0x60,
  0x53, 0x52, 0x43, 0x5f, 0x50, 0x52, 0x4f, 0x43, 0x5f, 0x4e, 0x52, 0x60, 0x2c, 0x20, 0x60, 0x44,
  0x53, 0x54, 0x5f, 0x50, 0x52, 0x4f, 0x43, 0x5f, 0x4e, 0x52, 0x60, 0x2c, 0x20, 0x60, 0x53, 0x52,
  0x43, 0x5f, 0x53, 0x50, 0x41, 0x43, 0x45, 0x60, 0x2c, 0x20, 0x60, 0x44, 0x53, 0x54, 0x5f, 0x53,
  0x50, 0x41, 0x43, 0x45, 0x60, 0x2c, 0x20, 0x60, 0x53, 0x52, 0x43, 0x5f, 0x42, 0x55, 0x46, 0x46,
  0x45, 0x52, 0x60, 0x2c, 0x20, 0x60, 0x44, 0x53, 0x54, 0x5f, 0x42, 0x55, 0x46, 0x46, 0x45, 0x52,
  0x60, 0x2c, 0x20, 0x60, 0x43, 0x4f, 0x50, 0x59, 0x5f, 0x42, 0x59, 0x54, 0x45, 0x53, 0x60, 0x2e,
  0x0a, 0x32, 0x2e, 0x20, 0x60, 0x64, 0x6f, 0x5f, 0x63, 0x6f, 0x70, 0x79, 0x28, 0x29, 0x60, 0x20,
  0x72, 0x65, 0x73, 0x6f, 0x6c, 0x76, 0x65, 0x73, 0x20, 0x62, 0x6f, 0x74, 0x68, 0x20, 0x73, 0x6f,
  0x75, 0x72, 0x63, 0x65, 0x20, 0x61, 0x6e, 0x64, 0x20, 0x64, 0x65, 0x73, 0x74, 0x69, 0x6e, 0x61,
  0x74, 0x69, 0x6f, 0x6e, 0x20, 0x61, 0x64, 0x64, 0x72, 0x65, 0x73, 0x73, 0x65, 0x73, 0x20, 0x76,
  0x69, 0x61, 0x20, 0x60, 0x75, 0x6d, 0x61, 0x70, 0x28, 0x29, 0x60, 0x2e, 0x0a, 0x33, 0x2e, 0x20,
  0x60, 0x70, 0x68, 0x79, 0x73, 0x5f, 0x63, 0x6f, 0x70, 0x79, 0x28, 0x29, 0x60, 0x20, 0x6d, 0x6f,
  0x76, 0x65, 0x73, 0x20, 0x74, 0x68, 0x65, 0x20, 0x62, 0x79, 0x74, 0x65, 0x73, 0x2e, 0x0a, 0x34,
  0x2e, 0x20, 0x54, 0x68, 0x65, 0x20, 0x6b, 0x65, 0x72, 0x6e, 0x65, 0x6c, 0x20, 0x6b, 0x65, 0x65,
  0x70, 0x73, 0x20, 0x74, 0x68, 0x65, 0x20, 0x6c, 0x6f, 0x67, 0x69, 0x63, 0x61, 0x6c, 0x20, 0x70,
  0x72, 0x6f, 0x63, 0x65, 0x73, 0x73, 0x20, 0x6d, 0x6f, 0x64, 0x65, 0x6c, 0x20, 0x65, 0x6e, 0x74,
  0x69, 0x72, 0x65, 0x6c, 0x79, 0x20, 0x69, 0x6e, 0x20, 0x4d, 0x49, 0x4e, 0x49, 0x58, 0x20, 0x74,
  0x65, 0x72, 0x6d, 0x73, 0x2e, 0x0a, 0x0a, 0x23, 0x23, 0x20, 0x4d, 0x75, 0x7a, 0x69, 0x78, 0x20,
  0x61, 0x64, 0x61, 0x70, 0x74, 0x61, 0x74, 0x69, 0x6f, 0x6e, 0x0a, 0x0a, 0x54, 0x68, 0x65, 0x20,
  0x70, 0x72, 0x6f, 0x74, 0x6f, 0x74, 0x79, 0x70, 0x65, 0x20, 0x69, 0x6e, 0x20, 0x60, 0x70, 0x6c,
  0x61, 0x74, 0x66, 0x6f, 0x72, 0x6d, 0x2f, 0x7a, 0x65, 0x74, 0x61, 0x2d, 0x76, 0x32, 0x2f, 0x74,
  0x65, 0x73, 0x74, 0x5f, 0x6b, 0x65, 0x72, 0x6e, 0x65, 0x6c, 0x2f, 0x6d, 0x69, 0x6e, 0x69, 0x78,
  0x5f, 0x61, 0x64, 0x61, 0x70, 0x74, 0x65, 0x72, 0x2e, 0x2a, 0x60, 0x20, 0x69, 0x6d, 0x70, 0x6c,
  0x65, 0x6d, 0x65, 0x6e, 0x74, 0x73, 0x20, 0x61, 0x20, 0x62, 0x72, 0x69, 0x64, 0x67, 0x65, 0x20,
  0x74, 0x68, 0x61, 0x74, 0x3a, 0x0a, 0x0a, 0x2d, 0x20, 0x74, 0x72, 0x61, 0x6e, 0x73, 0x6c, 0x61,
  0x74, 0x65, 0x73, 0x20, 0x61, 0x20, 0x4d, 0x49, 0x4e, 0x49, 0x58, 0x20, 0x73, 0x65, 0x67, 0x6d,
  0x65, 0x6e, 0x74, 0x20, 0x64, 0x65, 0x73, 0x63, 0x72, 0x69, 0x70, 0x74, 0x6f, 0x72, 0x20, 0x74,
  0x6f, 0x20, 0x61, 0x20, 0x5a, 0x65, 0x74, 0x61, 0x20, 0x70, 0x72, 0x6f, 0x63, 0x65, 0x73, 0x73,
  0x20, 0x6d, 0x61, 0x70, 0x0a, 0x2d, 0x20, 0x73, 0x61, 0x76, 0x65, 0x73, 0x20, 0x74, 0x68, 0x65,
  0x20, 0x63, 0x75, 0x72, 0x72, 0x65, 0x6e, 0x74, 0x20, 0x6b, 0x65, 0x72, 0x6e, 0x65, 0x6c, 0x20,
  0x6d, 0x61, 0x70, 0x20, 0x62, 0x65, 0x66, 0x6f, 0x72, 0x65, 0x20, 0x61, 0x20, 0x74, 0x65, 0x6d,
  0x70, 0x6f, 0x72, 0x61, 0x72, 0x79, 0x20, 0x70, 0x72, 0x6f, 0x63, 0x65, 0x73, 0x73, 0x20, 0x73,
  0x77, 0x69, 0x74, 0x63, 0x68, 0x0a, 0x2d, 0x20, 0x72, 0x65, 0x73, 0x74, 0x6f, 0x72, 0x65, 0x73,
  0x20, 0x74, 0x68, 0x65, 0x20, 0x6b, 0x65, 0x72, 0x6e, 0x65, 0x6c, 0x20, 0x6d, 0x61, 0x70, 0x20,
  0x61, 0x66, 0x74, 0x65, 0x72, 0x77, 0x61, 0x72, 0x64, 0x73, 0x0a, 0x2d, 0x20, 0x70, 0x65, 0x72,
  0x6d, 0x69, 0x74, 0x73, 0x20, 0x60, 0x53, 0x59, 0x53, 0x5f, 0x43, 0x4f, 0x50, 0x59, 0x60, 0x2d,
  0x73, 0x74, 0x79, 0x6c, 0x65, 0x20, 0x62, 0x75, 0x6c, 0x6b, 0x20, 0x74, 0x72, 0x61, 0x6e, 0x73,
  0x66, 0x65, 0x72, 0x20, 0x77, 0x69, 0x74, 0x68, 0x6f, 0x75, 0x74, 0x20, 0x63, 0x68, 0x61, 0x6e,
  0x67, 0x69, 0x6e, 0x67, 0x20, 0x74, 0x68, 0x65, 0x20, 0x4d, 0x49, 0x4e, 0x49, 0x58, 0x20, 0x70,
  0x72, 0x6f, 0x63, 0x65, 0x73, 0x73, 0x20, 0x6d, 0x6f, 0x64, 0x65, 0x6c, 0x0a, 0x0a, 0x23, 0x23,
  0x20, 0x41, 0x72, 0x63, 0x68, 0x69, 0x74, 0x65, 0x63, 0x74, 0x75, 0x72, 0x61, 0x6c, 0x20, 0x72,
  0x75, 0x6c, 0x65, 0x0a, 0x0a, 0x4e, 0x65, 0x76, 0x65, 0x72, 0x20, 0x6d, 0x6f, 0x76, 0x65, 0x20,
  0x46, 0x75, 0x7a, 0x69, 0x78, 0x20, 0x60, 0x70, 0x6c, 0x61, 0x74, 0x66, 0x6f, 0x72, 0x6d, 0x60,
  0x20, 0x73, 0x65, 0x6d, 0x61, 0x6e, 0x74, 0x69, 0x63, 0x73, 0x20, 0x69, 0x6e, 0x74, 0x6f, 0x20,
  0x74, 0x68, 0x65, 0x20, 0x4d, 0x49, 0x4e, 0x49, 0x58, 0x20, 0x70, 0x72, 0x6f, 0x63, 0x65, 0x73,
  0x73, 0x20, 0x6c, 0x61, 0x79, 0x6f, 0x75, 0x74, 0x2e, 0x0a, 0x0a, 0x46, 0x75, 0x7a, 0x69, 0x78,
  0x20, 0x69, 0x73, 0x20, 0x75, 0x73, 0x65, 0x64, 0x20, 0x6f, 0x6e, 0x6c, 0x79, 0x20, 0x61, 0x73,
  0x20, 0x61, 0x20, 0x72, 0x65, 0x66, 0x65, 0x72, 0x65, 0x6e, 0x63, 0x65, 0x20, 0x66, 0x6f, 0x72,
  0x20, 0x74, 0x68, 0x65, 0x20, 0x72, 0x65, 0x61, 0x6c, 0x20, 0x68, 0x61, 0x72, 0x64, 0x77, 0x61,
  0x72, 0x65, 0x20, 0x62, 0x65, 0x68, 0x61, 0x76, 0x69, 0x6f, 0x75, 0x72, 0x20, 0x6f, 0x66, 0x20,
  0x74, 0x68, 0x65, 0x20, 0x5a, 0x65, 0x74, 0x61, 0x20, 0x56, 0x32, 0x20, 0x62, 0x61, 0x6e, 0x6b,
  0x69, 0x6e, 0x67, 0x20, 0x72, 0x65, 0x67, 0x69, 0x73, 0x74, 0x65, 0x72, 0x73, 0x20, 0x61, 0x6e,
  0x64, 0x20, 0x74, 0x68, 0x65, 0x20, 0x62, 0x61, 0x6e, 0x6b, 0x2d, 0x77, 0x69, 0x6e, 0x64, 0x6f,
  0x77, 0x20, 0x6d, 0x6f, 0x64, 0x65, 0x6c, 0x2e, 0x0a, 0x4d, 0x49, 0x4e, 0x49, 0x58, 0x20, 0x72,
  0x65, 0x6d, 0x61, 0x69, 0x6e, 0x73, 0x20, 0x74, 0x68, 0x65, 0x20, 0x73, 0x6f, 0x75, 0x72, 0x63,
  0x65, 0x20, 0x6f, 0x66, 0x20, 0x74, 0x72, 0x75, 0x74, 0x68, 0x20, 0x66, 0x6f, 0x72, 0x20, 0x70,
  0x72, 0x6f, 0x63, 0x65, 0x73, 0x73, 0x20, 0x6d, 0x65, 0x6d, 0x6f, 0x72, 0x79, 0x20, 0x6d, 0x61,
  0x6e, 0x61, 0x67, 0x65, 0x6d, 0x65, 0x6e, 0x74, 0x2c, 0x20, 0x73, 0x63, 0x68, 0x65, 0x64, 0x75,
  0x6c, 0x69, 0x6e, 0x67, 0x20, 0x73, 0x74, 0x61, 0x74, 0x65, 0x2c, 0x20, 0x61, 0x6e, 0x64, 0x20,
  0x75, 0x73, 0x65, 0x72, 0x2d, 0x73, 0x70, 0x61, 0x63, 0x65, 0x20, 0x61, 0x64, 0x64, 0x72, 0x65,
  0x73, 0x73, 0x20, 0x74, 0x72, 0x61, 0x6e, 0x73, 0x6c, 0x61, 0x74, 0x69, 0x6f, 0x6e, 0x2e, 0x0a,
  0x00, 0x00, 0x00, 0x00, 0x00, 0x00, 0x00, 0x00, 0x00, 0x00, 0x00, 0x00, 0x00, 0x00, 0x00, 0x00,
  0x00, 0x00, 0x00, 0x00, 0x00, 0x00, 0x00, 0x00, 0x00, 0x00, 0x00, 0x00, 0x00, 0x00, 0x00, 0x00,
  0x00, 0x00, 0x00, 0x00, 0x00, 0x00, 0x00, 0x00, 0x00, 0x00, 0x00, 0x00, 0x00, 0x00, 0x00, 0x00,
  0x58, 0x4c, 0x34, 0x0a, 0x48, 0x20, 0x39, 0x20, 0x61, 0x72, 0x65, 0x61, 0x73, 0x20, 0x34, 0x20,
  0x67, 0x6c, 0x6f, 0x62, 0x61, 0x6c, 0x20, 0x73, 0x79, 0x6d, 0x62, 0x6f, 0x6c, 0x73, 0x0a, 0x4d,
  0x20, 0x65, 0x63, 0x68, 0x6f, 0x0a, 0x4f, 0x20, 0x2d, 0x6d, 0x7a, 0x38, 0x30, 0x20, 0x73, 0x64,
  0x63, 0x63, 0x63, 0x61, 0x6c, 0x6c, 0x28, 0x31, 0x29, 0x0a, 0x53, 0x20, 0x5f, 0x70, 0x75, 0x74,
  0x63, 0x68, 0x61, 0x72, 0x20, 0x52, 0x65, 0x66, 0x30, 0x30, 0x30, 0x30, 0x30, 0x30, 0x30, 0x30,
  0x0a, 0x53, 0x20, 0x2e, 0x5f, 0x5f, 0x2e, 0x41, 0x42, 0x53, 0x2e, 0x20, 0x44, 0x65, 0x66, 0x30,
  0x30, 0x30, 0x30, 0x30, 0x30, 0x30, 0x30, 0x0a, 0x53, 0x20, 0x5f, 0x70, 0x72, 0x69, 0x6e, 0x74,
  0x66, 0x20, 0x52, 0x65, 0x66, 0x30, 0x30, 0x30, 0x30, 0x30, 0x30, 0x30, 0x30, 0x0a, 0x41, 0x20,
  0x5f, 0x43, 0x4f, 0x44, 0x45, 0x20, 0x73, 0x69, 0x7a, 0x65, 0x20, 0x37, 0x41, 0x20, 0x66, 0x6c,
  0x61, 0x67, 0x73, 0x20, 0x30, 0x20, 0x61, 0x64, 0x64, 0x72, 0x20, 0x30, 0x0a, 0x53, 0x20, 0x5f,
  0x6d, 0x61, 0x69, 0x6e, 0x20, 0x44, 0x65, 0x66, 0x30, 0x30, 0x30, 0x30, 0x30, 0x30, 0x30, 0x30,
  0x0a, 0x41, 0x20, 0x5f, 0x44, 0x41, 0x54, 0x41, 0x20, 0x73, 0x69, 0x7a, 0x65, 0x20, 0x30, 0x20,
  0x66, 0x6c, 0x61, 0x67, 0x73, 0x20, 0x30, 0x20, 0x61, 0x64, 0x64, 0x72, 0x20, 0x30, 0x0a, 0x41,
  0x20, 0x5f, 0x49, 0x4e, 0x49, 0x54, 0x49, 0x41, 0x4c, 0x49, 0x5a, 0x45, 0x44, 0x20, 0x73, 0x69,
  0x7a, 0x65, 0x20, 0x30, 0x20, 0x66, 0x6c, 0x61, 0x67, 0x73, 0x20, 0x30, 0x20, 0x61, 0x64, 0x64,
  0x72, 0x20, 0x30, 0x0a, 0x41, 0x20, 0x5f, 0x44, 0x41, 0x42, 0x53, 0x20, 0x73, 0x69, 0x7a, 0x65,
  0x20, 0x30, 0x20, 0x66, 0x6c, 0x61, 0x67, 0x73, 0x20, 0x38, 0x20, 0x61, 0x64, 0x64, 0x72, 0x20,
  0x30, 0x0a, 0x41, 0x20, 0x5f, 0x48, 0x4f, 0x4d, 0x45, 0x20, 0x73, 0x69, 0x7a, 0x65, 0x20, 0x30,
  0x20, 0x66, 0x6c, 0x61, 0x67, 0x73, 0x20, 0x30, 0x20, 0x61, 0x64, 0x64, 0x72, 0x20, 0x30, 0x0a,
  0x41, 0x20, 0x5f, 0x47, 0x53, 0x49, 0x4e, 0x49, 0x54, 0x20, 0x73, 0x69, 0x7a, 0x65, 0x20, 0x30,
  0x20, 0x66, 0x6c, 0x61, 0x67, 0x73, 0x20, 0x30, 0x20, 0x61, 0x64, 0x64, 0x72, 0x20, 0x30, 0x0a,
  0x41, 0x20, 0x5f, 0x47, 0x53, 0x46, 0x49, 0x4e, 0x41, 0x4c, 0x20, 0x73, 0x69, 0x7a, 0x65, 0x20,
  0x30, 0x20, 0x66, 0x6c, 0x61, 0x67, 0x73, 0x20, 0x30, 0x20, 0x61, 0x64, 0x64, 0x72, 0x20, 0x30,
  0x0a, 0x41, 0x20, 0x5f, 0x49, 0x4e, 0x49, 0x54, 0x49, 0x41, 0x4c, 0x49, 0x5a, 0x45, 0x52, 0x20,
  0x73, 0x69, 0x7a, 0x65, 0x20, 0x30, 0x20, 0x66, 0x6c, 0x61, 0x67, 0x73, 0x20, 0x30, 0x20, 0x61,
  0x64, 0x64, 0x72, 0x20, 0x30, 0x0a, 0x41, 0x20, 0x5f, 0x43, 0x41, 0x42, 0x53, 0x20, 0x73, 0x69,
  0x7a, 0x65, 0x20, 0x30, 0x20, 0x66, 0x6c, 0x61, 0x67, 0x73, 0x20, 0x38, 0x20, 0x61, 0x64, 0x64,
  0x72, 0x20, 0x30, 0x0a, 0x54, 0x20, 0x30, 0x30, 0x20, 0x30, 0x30, 0x20, 0x30, 0x30, 0x20, 0x30,
  0x30, 0x0a, 0x52, 0x20, 0x30, 0x30, 0x20, 0x30, 0x30, 0x20, 0x30, 0x30, 0x20, 0x30, 0x30, 0x0a,
  0x54, 0x20, 0x30, 0x30, 0x20, 0x30, 0x30, 0x20, 0x30, 0x30, 0x20, 0x30, 0x30, 0x20, 0x44, 0x44,
  0x20, 0x45, 0x35, 0x20, 0x44, 0x44, 0x20, 0x32, 0x31, 0x20, 0x30, 0x30, 0x20, 0x30, 0x30, 0x20,
  0x44, 0x44, 0x20, 0x33, 0x39, 0x20, 0x46, 0x35, 0x20, 0x46, 0x35, 0x20, 0x34, 0x44, 0x20, 0x34,
  0x34, 0x0a, 0x52, 0x20, 0x30, 0x30, 0x20, 0x30, 0x30, 0x20, 0x30, 0x30, 0x20, 0x30, 0x30, 0x0a,
  0x54, 0x20, 0x30, 0x43, 0x20, 0x30, 0x30, 0x20, 0x30, 0x30, 0x20, 0x30, 0x30, 0x20, 0x44, 0x44,
  0x20, 0x37, 0x33, 0x20, 0x46, 0x45, 0x20, 0x44, 0x44, 0x20, 0x37, 0x32, 0x20, 0x46, 0x46, 0x20,
  0x37, 0x39, 0x20, 0x43, 0x36, 0x20, 0x46, 0x46, 0x20, 0x44, 0x44, 0x20, 0x37, 0x37, 0x20, 0x46,
  0x43, 0x0a, 0x52, 0x20, 0x30, 0x30, 0x20, 0x30, 0x30, 0x20, 0x30, 0x30, 0x20, 0x30, 0x30, 0x0a,
  0x54, 0x20, 0x31, 0x38, 0x20, 0x30, 0x30, 0x20, 0x30, 0x30, 0x20, 0x30, 0x30, 0x20, 0x37, 0x38,
  0x20, 0x43, 0x45, 0x20, 0x46, 0x46, 0x20, 0x44, 0x44, 0x20, 0x37, 0x37, 0x20, 0x46, 0x44, 0x20,
  0x31, 0x31, 0x20, 0x30, 0x31, 0x20, 0x30, 0x30, 0x0a, 0x52, 0x20, 0x30, 0x30, 0x20, 0x30, 0x30,
  0x20, 0x30, 0x30, 0x20, 0x30, 0x30, 0x0a, 0x54, 0x20, 0x32, 0x31, 0x20, 0x30, 0x30, 0x20, 0x30,
  0x30, 0x20, 0x30, 0x30, 0x0a, 0x52, 0x20, 0x30, 0x30, 0x20, 0x30, 0x30, 0x20, 0x30, 0x30, 0x20,
  0x30, 0x30, 0x0a, 0x54, 0x20, 0x32, 0x31, 0x20, 0x30, 0x30, 0x20, 0x30, 0x30, 0x20, 0x30, 0x30,
  0x20, 0x37, 0x42, 0x20, 0x39, 0x31, 0x20, 0x37, 0x41, 0x20, 0x39, 0x38, 0x20, 0x45, 0x32, 0x20,
  0x32, 0x41, 0x20, 0x30, 0x30, 0x20, 0x45, 0x45, 0x20, 0x38, 0x30, 0x0a, 0x52, 0x20, 0x30, 0x30,
  0x20, 0x30, 0x30, 0x20, 0x30, 0x30, 0x20, 0x30, 0x30, 0x20, 0x30, 0x30, 0x20, 0x30, 0x39, 0x20,
  0x30, 0x30, 0x20, 0x30, 0x30, 0x0a, 0x54, 0x20, 0x32, 0x41, 0x20, 0x30, 0x30, 0x20, 0x30, 0x30,
  0x20, 0x30, 0x30, 0x0a, 0x52, 0x20, 0x30, 0x30, 0x20, 0x30, 0x30, 0x20, 0x30, 0x30, 0x20, 0x30,
  0x30, 0x0a, 0x54, 0x20, 0x32, 0x41, 0x20, 0x30, 0x30, 0x20, 0x30, 0x30, 0x20, 0x30, 0x30, 0x20,
  0x46, 0x32, 0x20, 0x36, 0x39, 0x20, 0x30, 0x30, 0x20, 0x36, 0x42, 0x20, 0x36, 0x32, 0x20, 0x32,
  0x39, 0x20, 0x37, 0x44, 0x20, 0x44, 0x44, 0x20, 0x38, 0x36, 0x20, 0x46, 0x45, 0x20, 0x36, 0x46,
  0x20, 0x37, 0x43, 0x0a, 0x52, 0x20, 0x30, 0x30, 0x20, 0x30, 0x30, 0x20, 0x30, 0x30, 0x20, 0x30,
  0x30, 0x20, 0x30, 0x30, 0x20, 0x30, 0x35, 0x20, 0x30, 0x30, 0x20, 0x30, 0x30, 0x0a, 0x54, 0x20,
  0x33, 0x36, 0x20, 0x30, 0x30, 0x20, 0x30, 0x30, 0x20, 0x30, 0x30, 0x20, 0x44, 0x44, 0x20, 0x38,
  0x45, 0x20, 0x46, 0x46, 0x20, 0x36, 0x37, 0x20, 0x37, 0x45, 0x20, 0x32, 0x33, 0x20, 0x36, 0x36,
  0x20, 0x36, 0x46, 0x20, 0x43, 0x35, 0x20, 0x44, 0x35, 0x20, 0x45, 0x35, 0x20, 0x32, 0x31, 0x0a,
  0x52, 0x20, 0x30, 0x30, 0x20, 0x30, 0x30, 0x20, 0x30, 0x30, 0x20, 0x30, 0x30, 0x0a, 0x54, 0x20,
  0x34, 0x32, 0x20, 0x30, 0x30, 0x20, 0x30, 0x30, 0x20, 0x30, 0x30, 0x20, 0x37, 0x37, 0x20, 0x30,
  0x30, 0x20, 0x45, 0x35, 0x20, 0x43, 0x44, 0x20, 0x30, 0x30, 0x20, 0x30, 0x30, 0x20, 0x46, 0x31,
  0x20, 0x46, 0x31, 0x20, 0x44, 0x31, 0x20, 0x43, 0x31, 0x20, 0x37, 0x42, 0x20, 0x44, 0x44, 0x0a,
  0x52, 0x20, 0x30, 0x30, 0x20, 0x30, 0x30, 0x20, 0x30, 0x30, 0x20, 0x30, 0x30, 0x20, 0x30, 0x30,
  0x20, 0x30, 0x34, 0x20, 0x30, 0x30, 0x20, 0x30, 0x30, 0x20, 0x30, 0x32, 0x20, 0x30, 0x38, 0x20,
  0x30, 0x32, 0x20, 0x30, 0x30, 0x0a, 0x54, 0x20, 0x34, 0x45, 0x20, 0x30, 0x30, 0x20, 0x30, 0x30,
  0x20, 0x30, 0x30, 0x20, 0x39, 0x36, 0x20, 0x46, 0x43, 0x20, 0x37, 0x41, 0x20, 0x44, 0x44, 0x20,
  0x39, 0x45, 0x20, 0x46, 0x44, 0x20, 0x45, 0x32, 0x20, 0x35, 0x39, 0x20, 0x30, 0x30, 0x20, 0x45,
  0x45, 0x20, 0x38, 0x30, 0x0a, 0x52, 0x20, 0x30, 0x30, 0x20, 0x30, 0x30, 0x20, 0x30, 0x30, 0x20,
  0x30, 0x30, 0x20, 0x30, 0x30, 0x20, 0x30, 0x42, 0x20, 0x30, 0x30, 0x20, 0x30, 0x30, 0x0a, 0x54,
  0x20, 0x35, 0x39, 0x20, 0x30, 0x30, 0x20, 0x30, 0x30, 0x20, 0x30, 0x30, 0x0a, 0x52, 0x20, 0x30,
  0x30, 0x20, 0x30, 0x30, 0x20, 0x30, 0x30, 0x20, 0x30, 0x30, 0x0a, 0x54, 0x20, 0x35, 0x39, 0x20,
  0x30, 0x30, 0x20, 0x30, 0x30, 0x20, 0x30, 0x30, 0x20, 0x46, 0x32, 0x20, 0x36, 0x36, 0x20, 0x30,
  0x30, 0x20, 0x43, 0x35, 0x20, 0x44, 0x35, 0x20, 0x32, 0x31, 0x20, 0x32, 0x30, 0x20, 0x30, 0x30,
  0x20, 0x43, 0x44, 0x20, 0x30, 0x30, 0x20, 0x30, 0x30, 0x20, 0x44, 0x31, 0x0a, 0x52, 0x20, 0x30,
  0x30, 0x20, 0x30, 0x30, 0x20, 0x30, 0x30, 0x20, 0x30, 0x30, 0x20, 0x30, 0x30, 0x20, 0x30, 0x35,
  0x20, 0x30, 0x30, 0x20, 0x30, 0x30, 0x20, 0x30, 0x32, 0x20, 0x30, 0x44, 0x20, 0x30, 0x30, 0x20,
  0x30, 0x30, 0x0a, 0x54, 0x20, 0x36, 0x35, 0x20, 0x30, 0x30, 0x20, 0x30, 0x30, 0x20, 0x30, 0x30,
  0x20, 0x43, 0x31, 0x0a, 0x52, 0x20, 0x30, 0x30, 0x20, 0x30, 0x30, 0x20, 0x30, 0x30, 0x20, 0x30,
  0x30, 0x0a, 0x54, 0x20, 0x36, 0x36, 0x20, 0x30, 0x30, 0x20, 0x30, 0x30, 0x20, 0x30, 0x30, 0x0a,
  0x52, 0x20, 0x30, 0x30, 0x20, 0x30, 0x30, 0x20, 0x30, 0x30, 0x20, 0x30, 0x30, 0x0a, 0x54, 0x20,
  0x36, 0x36, 0x20, 0x30, 0x30, 0x20, 0x30, 0x30, 0x20, 0x30, 0x30, 0x20, 0x31, 0x33, 0x20, 0x31,
  0x38, 0x20, 0x42, 0x38, 0x0a, 0x52, 0x20, 0x30, 0x30, 0x20, 0x30, 0x30, 0x20, 0x30, 0x30, 0x20,
  0x30, 0x30, 0x0a, 0x54, 0x20, 0x36, 0x39, 0x20, 0x30, 0x30, 0x20, 0x30, 0x30, 0x20, 0x30, 0x30,
  0x0a, 0x52, 0x20, 0x30, 0x30, 0x20, 0x30, 0x30, 0x20, 0x30, 0x30, 0x20, 0x30, 0x30, 0x0a, 0x54,
  0x20, 0x36, 0x39, 0x20, 0x30, 0x30, 0x20, 0x30, 0x30, 0x20, 0x30, 0x30, 0x20, 0x32, 0x31, 0x20,
  0x30, 0x41, 0x20, 0x30, 0x30, 0x20, 0x43, 0x44, 0x20, 0x30, 0x30, 0x20, 0x30, 0x30, 0x20, 0x31,
  0x31, 0x20, 0x30, 0x30, 0x20, 0x30, 0x30, 0x20, 0x44, 0x44, 0x20, 0x46, 0x39, 0x20, 0x44, 0x44,
  0x0a, 0x52, 0x20, 0x30, 0x30, 0x20, 0x30, 0x30, 0x20, 0x30, 0x30, 0x20, 0x30, 0x30, 0x20, 0x30,
  0x32, 0x20, 0x30, 0x38, 0x20, 0x30, 0x30, 0x20, 0x30, 0x30, 0x0a, 0x54, 0x20, 0x37, 0x35, 0x20,
  0x30, 0x30, 0x20, 0x30, 0x30, 0x20, 0x30, 0x30, 0x20, 0x45, 0x31, 0x20, 0x43, 0x39, 0x0a, 0x52,
  0x20, 0x30, 0x30, 0x20, 0x30, 0x30, 0x20, 0x30, 0x30, 0x20, 0x30, 0x30, 0x0a, 0x54, 0x20, 0x37,
  0x37, 0x20, 0x30, 0x30, 0x20, 0x30, 0x30, 0x20, 0x30, 0x30, 0x0a, 0x52, 0x20, 0x30, 0x30, 0x20,
  0x30, 0x30, 0x20, 0x30, 0x30, 0x20, 0x30, 0x30, 0x0a, 0x54, 0x20, 0x37, 0x37, 0x20, 0x30, 0x30,
  0x20, 0x30, 0x30, 0x20, 0x30, 0x30, 0x20, 0x32, 0x35, 0x20, 0x37, 0x33, 0x20, 0x30, 0x30, 0x0a,
  0x52, 0x20, 0x30, 0x30, 0x20, 0x30, 0x30, 0x20, 0x30, 0x30, 0x20, 0x30, 0x30, 0x0a, 0x00, 0x00,
  0x00, 0x00, 0x00, 0x00, 0x00, 0x00, 0x00, 0x00, 0x00, 0x00, 0x00, 0x00, 0x00, 0x00, 0x00, 0x00,
  0x00, 0x00, 0x00, 0x00, 0x00, 0x00, 0x00, 0x00, 0x00, 0x00, 0x00, 0x00, 0x00, 0x00, 0x00, 0x00,
  0x00, 0x00, 0x00, 0x00, 0x00, 0x00, 0x00, 0x00, 0x00, 0x00, 0x00, 0x00, 0x00, 0x00, 0x00, 0x00,
  0x58, 0x4c, 0x34, 0x0a, 0x48, 0x20, 0x39, 0x20, 0x61, 0x72, 0x65, 0x61, 0x73, 0x20, 0x37, 0x20,
  0x67, 0x6c, 0x6f, 0x62, 0x61, 0x6c, 0x20, 0x73, 0x79, 0x6d, 0x62, 0x6f, 0x6c, 0x73, 0x0a, 0x4d,
  0x20, 0x63, 0x61, 0x74, 0x0a, 0x4f, 0x20, 0x2d, 0x6d, 0x7a, 0x38, 0x30, 0x20, 0x73, 0x64, 0x63,
  0x63, 0x63, 0x61, 0x6c, 0x6c, 0x28, 0x31, 0x29, 0x0a, 0x53, 0x20, 0x5f, 0x77, 0x72, 0x69, 0x74,
  0x65, 0x20, 0x52, 0x65, 0x66, 0x30, 0x30, 0x30, 0x30, 0x30, 0x30, 0x30, 0x30, 0x0a, 0x53, 0x20,
  0x5f, 0x6f, 0x70, 0x65, 0x6e, 0x20, 0x52, 0x65, 0x66, 0x30, 0x30, 0x30, 0x30, 0x30, 0x30, 0x30,
  0x30, 0x0a, 0x53, 0x20, 0x2e, 0x5f, 0x5f, 0x2e, 0x41, 0x42, 0x53, 0x2e, 0x20, 0x44, 0x65, 0x66,
  0x30, 0x30, 0x30, 0x30, 0x30, 0x30, 0x30, 0x30, 0x0a, 0x53, 0x20, 0x5f, 0x70, 0x75, 0x74, 0x73,
  0x20, 0x52, 0x65, 0x66, 0x30, 0x30, 0x30, 0x30, 0x30, 0x30, 0x30, 0x30, 0x0a, 0x53, 0x20, 0x5f,
  0x63, 0x6c, 0x6f, 0x73, 0x65, 0x20, 0x52, 0x65, 0x66, 0x30, 0x30, 0x30, 0x30, 0x30, 0x30, 0x30,
  0x30, 0x0a, 0x53, 0x20, 0x5f, 0x72, 0x65, 0x61, 0x64, 0x20, 0x52, 0x65, 0x66, 0x30, 0x30, 0x30,
  0x30, 0x30, 0x30, 0x30, 0x30, 0x0a, 0x41, 0x20, 0x5f, 0x43, 0x4f, 0x44, 0x45, 0x20, 0x73, 0x69,
  0x7a, 0x65, 0x20, 0x31, 0x35, 0x36, 0x20, 0x66, 0x6c, 0x61, 0x67, 0x73, 0x20, 0x30, 0x20, 0x61,
  0x64, 0x64, 0x72, 0x20, 0x30, 0x0a, 0x53, 0x20, 0x5f, 0x6d, 0x61, 0x69, 0x6e, 0x20, 0x44, 0x65,
  0x66, 0x30, 0x30, 0x30, 0x30, 0x30, 0x30, 0x30, 0x30, 0x0a, 0x41, 0x20, 0x5f, 0x44, 0x41, 0x54,
  0x41, 0x20, 0x73, 0x69, 0x7a, 0x65, 0x20, 0x30, 0x20, 0x66, 0x6c, 0x61, 0x67, 0x73, 0x20, 0x30,
  0x20, 0x61, 0x64, 0x64, 0x72, 0x20, 0x30, 0x0a, 0x41, 0x20, 0x5f, 0x49, 0x4e, 0x49, 0x54, 0x49,
  0x41, 0x4c, 0x49, 0x5a, 0x45, 0x44, 0x20, 0x73, 0x69, 0x7a, 0x65, 0x20, 0x30, 0x20, 0x66, 0x6c,
  0x61, 0x67, 0x73, 0x20, 0x30, 0x20, 0x61, 0x64, 0x64, 0x72, 0x20, 0x30, 0x0a, 0x41, 0x20, 0x5f,
  0x44, 0x41, 0x42, 0x53, 0x20, 0x73, 0x69, 0x7a, 0x65, 0x20, 0x30, 0x20, 0x66, 0x6c, 0x61, 0x67,
  0x73, 0x20, 0x38, 0x20, 0x61, 0x64, 0x64, 0x72, 0x20, 0x30, 0x0a, 0x41, 0x20, 0x5f, 0x48, 0x4f,
  0x4d, 0x45, 0x20, 0x73, 0x69, 0x7a, 0x65, 0x20, 0x30, 0x20, 0x66, 0x6c, 0x61, 0x67, 0x73, 0x20,
  0x30, 0x20, 0x61, 0x64, 0x64, 0x72, 0x20, 0x30, 0x0a, 0x41, 0x20, 0x5f, 0x47, 0x53, 0x49, 0x4e,
  0x49, 0x54, 0x20, 0x73, 0x69, 0x7a, 0x65, 0x20, 0x30, 0x20, 0x66, 0x6c, 0x61, 0x67, 0x73, 0x20,
  0x30, 0x20, 0x61, 0x64, 0x64, 0x72, 0x20, 0x30, 0x0a, 0x41, 0x20, 0x5f, 0x47, 0x53, 0x46, 0x49,
  0x4e, 0x41, 0x4c, 0x20, 0x73, 0x69, 0x7a, 0x65, 0x20, 0x30, 0x20, 0x66, 0x6c, 0x61, 0x67, 0x73,
  0x20, 0x30, 0x20, 0x61, 0x64, 0x64, 0x72, 0x20, 0x30, 0x0a, 0x41, 0x20, 0x5f, 0x49, 0x4e, 0x49,
  0x54, 0x49, 0x41, 0x4c, 0x49, 0x5a, 0x45, 0x52, 0x20, 0x73, 0x69, 0x7a, 0x65, 0x20, 0x30, 0x20,
  0x66, 0x6c, 0x61, 0x67, 0x73, 0x20, 0x30, 0x20, 0x61, 0x64, 0x64, 0x72, 0x20, 0x30, 0x0a, 0x41,
  0x20, 0x5f, 0x43, 0x41, 0x42, 0x53, 0x20, 0x73, 0x69, 0x7a, 0x65, 0x20, 0x30, 0x20, 0x66, 0x6c,
  0x61, 0x67, 0x73, 0x20, 0x38, 0x20, 0x61, 0x64, 0x64, 0x72, 0x20, 0x30, 0x0a, 0x54, 0x20, 0x30,
  0x30, 0x20, 0x30, 0x30, 0x20, 0x30, 0x30, 0x20, 0x30, 0x30, 0x0a, 0x52, 0x20, 0x30, 0x30, 0x20,
  0x30, 0x30, 0x20, 0x30, 0x30, 0x20, 0x30, 0x30, 0x0a, 0x54, 0x20, 0x30, 0x30, 0x20, 0x30, 0x30,
  0x20, 0x30, 0x30, 0x20, 0x30, 0x30, 0x20, 0x44, 0x44, 0x20, 0x45, 0x35, 0x20, 0x44, 0x44, 0x20,
  0x32, 0x31, 0x20, 0x30, 0x30, 0x20, 0x30, 0x30, 0x20, 0x44, 0x44, 0x20, 0x33, 0x39, 0x20, 0x46,
  0x44, 0x20, 0x32, 0x31, 0x20, 0x46, 0x35, 0x20, 0x46, 0x44, 0x0a, 0x52, 0x20, 0x30, 0x30, 0x20,
  0x30, 0x30, 0x20, 0x30, 0x30, 0x20, 0x30, 0x30, 0x0a, 0x54, 0x20, 0x30, 0x43, 0x20, 0x30, 0x30,
  0x20, 0x30, 0x30, 0x20, 0x30, 0x30, 0x20, 0x46, 0x44, 0x20, 0x33, 0x39, 0x20, 0x46, 0x44, 0x20,
  0x46, 0x39, 0x20, 0x44, 0x44, 0x20, 0x37, 0x35, 0x20, 0x46, 0x43, 0x20, 0x44, 0x44, 0x20, 0x37,
  0x34, 0x20, 0x46, 0x44, 0x20, 0x44, 0x44, 0x20, 0x37, 0x33, 0x0a, 0x52, 0x20, 0x30, 0x30, 0x20,
  0x30, 0x30, 0x20, 0x30, 0x30, 0x20, 0x30, 0x30, 0x0a, 0x54, 0x20, 0x31, 0x38, 0x20, 0x30, 0x30,
  0x20, 0x30, 0x30, 0x20, 0x30, 0x30, 0x20, 0x46, 0x41, 0x20, 0x44, 0x44, 0x20, 0x37, 0x32, 0x20,
  0x46, 0x42, 0x20, 0x44, 0x44, 0x20, 0x33, 0x36, 0x20, 0x46, 0x35, 0x20, 0x30, 0x30, 0x20, 0x44,
  0x44, 0x20, 0x37, 0x45, 0x20, 0x46, 0x43, 0x20, 0x44, 0x36, 0x0a, 0x52, 0x20, 0x30, 0x30, 0x20,
  0x30, 0x30, 0x20, 0x30, 0x30, 0x20, 0x30, 0x30, 0x0a, 0x54, 0x20, 0x32, 0x34, 0x20, 0x30, 0x30,
  0x20, 0x30, 0x30, 0x20, 0x30, 0x30, 0x20, 0x30, 0x32, 0x20, 0x44, 0x44, 0x20, 0x37, 0x45, 0x20,
  0x46, 0x44, 0x20, 0x31, 0x37, 0x20, 0x33, 0x46, 0x20, 0x31, 0x46, 0x20, 0x44, 0x45, 0x20, 0x38,
  0x30, 0x20, 0x33, 0x30, 0x20, 0x30, 0x43, 0x20, 0x32, 0x31, 0x0a, 0x52, 0x20, 0x30, 0x30, 0x20,
  0x30, 0x30, 0x20, 0x30, 0x30, 0x20, 0x30, 0x30, 0x0a, 0x54, 0x20, 0x33, 0x30, 0x20, 0x30, 0x30,
  0x20, 0x30, 0x30, 0x20, 0x30, 0x30, 0x20, 0x32, 0x37, 0x20, 0x30, 0x31, 0x20, 0x43, 0x44, 0x20,
  0x30, 0x30, 0x20, 0x30, 0x30, 0x20, 0x31, 0x31, 0x20, 0x30, 0x31, 0x20, 0x30, 0x30, 0x20, 0x43,
  0x33, 0x20, 0x32, 0x32, 0x20, 0x30, 0x31, 0x0a, 0x52, 0x20, 0x30, 0x30, 0x20, 0x30, 0x30, 0x20,
  0x30, 0x30, 0x20, 0x30, 0x30, 0x20, 0x30, 0x30, 0x20, 0x30, 0x34, 0x20, 0x30, 0x30, 0x20, 0x30,
  0x30, 0x20, 0x30, 0x32, 0x20, 0x30, 0x37, 0x20, 0x30, 0x33, 0x20, 0x30, 0x30, 0x20, 0x30, 0x30,
  0x20, 0x30, 0x44, 0x20, 0x30, 0x30, 0x20, 0x30, 0x30, 0x0a, 0x54, 0x20, 0x33, 0x42, 0x20, 0x30,
  0x30, 0x20, 0x30, 0x30, 0x20, 0x30, 0x30, 0x0a, 0x52, 0x20, 0x30, 0x30, 0x20, 0x30, 0x30, 0x20,
  0x30, 0x30, 0x20, 0x30, 0x30, 0x0a, 0x54, 0x20, 0x33, 0x42, 0x20, 0x30, 0x30, 0x20, 0x30, 0x30,
  0x20, 0x30, 0x30, 0x20, 0x44, 0x44, 0x20, 0x33, 0x36, 0x20, 0x46, 0x45, 0x20, 0x30, 0x31, 0x20,
  0x44, 0x44, 0x20, 0x33, 0x36, 0x20, 0x46, 0x46, 0x20, 0x30, 0x30, 0x0a, 0x52, 0x20, 0x30, 0x30,
  0x20, 0x30, 0x30, 0x20, 0x30, 0x30, 0x20, 0x30, 0x30, 0x0a, 0x54, 0x20, 0x34, 0x33, 0x20, 0x30,
  0x30, 0x20, 0x30, 0x30, 0x20, 0x30, 0x30, 0x0a, 0x52, 0x20, 0x30, 0x30, 0x20, 0x30, 0x30, 0x20,
  0x30, 0x30, 0x20, 0x30, 0x30, 0x0a, 0x54, 0x20, 0x34, 0x33, 0x20, 0x30, 0x30, 0x20, 0x30, 0x30,
  0x20, 0x30, 0x30, 0x20, 0x44, 0x44, 0x20, 0x37, 0x45, 0x20, 0x46, 0x45, 0x20, 0x44, 0x44, 0x20,
  0x39, 0x36, 0x20, 0x46, 0x43, 0x20, 0x44, 0x44, 0x20, 0x37, 0x45, 0x20, 0x46, 0x46, 0x20, 0x44,
  0x44, 0x20, 0x39, 0x45, 0x20, 0x46, 0x44, 0x0a, 0x52, 0x20, 0x30, 0x30, 0x20, 0x30, 0x30, 0x20,
  0x30, 0x30, 0x20, 0x30, 0x30, 0x0a, 0x54, 0x20, 0x34, 0x46, 0x20, 0x30, 0x30, 0x20, 0x30, 0x30,
  0x20, 0x30, 0x30, 0x20, 0x45, 0x32, 0x20, 0x35, 0x34, 0x20, 0x30, 0x30, 0x20, 0x45, 0x45, 0x20,
  0x38, 0x30, 0x0a, 0x52, 0x20, 0x30, 0x30, 0x20, 0x30, 0x30, 0x20, 0x30, 0x30, 0x20, 0x30, 0x30,
  0x20, 0x30, 0x30, 0x20, 0x30, 0x35, 0x20, 0x30, 0x30, 0x20, 0x30, 0x30, 0x0a, 0x54, 0x20, 0x35,
  0x34, 0x20, 0x30, 0x30, 0x20, 0x30, 0x30, 0x20, 0x30, 0x30, 0x0a, 0x52, 0x20, 0x30, 0x30, 0x20,
  0x30, 0x30, 0x20, 0x30, 0x30, 0x20, 0x30, 0x30, 0x0a, 0x54, 0x20, 0x35, 0x34, 0x20, 0x30, 0x30,
  0x20, 0x30, 0x30, 0x20, 0x30, 0x30, 0x20, 0x46, 0x32, 0x20, 0x30, 0x36, 0x20, 0x30, 0x31, 0x20,
  0x44, 0x44, 0x20, 0x37, 0x45, 0x20, 0x46, 0x45, 0x20, 0x44, 0x44, 0x20, 0x37, 0x37, 0x20, 0x46,
  0x38, 0x20, 0x44, 0x44, 0x20, 0x37, 0x45, 0x20, 0x46, 0x46, 0x0a, 0x52, 0x20, 0x30, 0x30, 0x20,
  0x30, 0x30, 0x20, 0x30, 0x30, 0x20, 0x30, 0x30, 0x20, 0x30, 0x30, 0x20, 0x30, 0x35, 0x20, 0x30,
  0x30, 0x20, 0x30, 0x30, 0x0a, 0x54, 0x20, 0x36, 0x30, 0x20, 0x30, 0x30, 0x20, 0x30, 0x30, 0x20,
  0x30, 0x30, 0x20, 0x44, 0x44, 0x20, 0x37, 0x37, 0x20, 0x46, 0x39, 0x20, 0x44, 0x44, 0x20, 0x43,
  0x42, 0x20, 0x46, 0x38, 0x20, 0x32, 0x36, 0x20, 0x44, 0x44, 0x20, 0x43, 0x42, 0x20, 0x46, 0x39,
  0x20, 0x31, 0x36, 0x20, 0x44, 0x44, 0x0a, 0x52, 0x20, 0x30, 0x30, 0x20, 0x30, 0x30, 0x20, 0x30,
  0x30, 0x20, 0x30, 0x30, 0x0a, 0x54, 0x20, 0x36, 0x43, 0x20, 0x30, 0x30, 0x20, 0x30, 0x30, 0x20,
  0x30, 0x30, 0x20, 0x37, 0x45, 0x20, 0x46, 0x38, 0x20, 0x44, 0x44, 0x20, 0x38, 0x36, 0x20, 0x46,
  0x41, 0x20, 0x44, 0x44, 0x20, 0x37, 0x37, 0x20, 0x46, 0x36, 0x20, 0x44, 0x44, 0x20, 0x37, 0x45,
  0x20, 0x46, 0x39, 0x20, 0x44, 0x44, 0x0a, 0x52, 0x20, 0x30, 0x30, 0x20, 0x30, 0x30, 0x20, 0x30,
  0x30, 0x20, 0x30, 0x30, 0x0a, 0x54, 0x20, 0x37, 0x38, 0x20, 0x30, 0x30, 0x20, 0x30, 0x30, 0x20,
  0x30, 0x30, 0x20, 0x38, 0x45, 0x20, 0x46, 0x42, 0x20, 0x44, 0x44, 0x20, 0x37, 0x37, 0x20, 0x46,
  0x37, 0x20, 0x44, 0x44, 0x20, 0x36, 0x45, 0x20, 0x46, 0x36, 0x20, 0x44, 0x44, 0x20, 0x36, 0x36,
  0x20, 0x46, 0x37, 0x20, 0x37, 0x45, 0x0a, 0x52, 0x20, 0x30, 0x30, 0x20, 0x30, 0x30, 0x20, 0x30,
  0x30, 0x20, 0x30, 0x30, 0x0a, 0x54, 0x20, 0x38, 0x34, 0x20, 0x30, 0x30, 0x20, 0x30, 0x30, 0x20,
  0x30, 0x30, 0x20, 0x32, 0x33, 0x20, 0x36, 0x36, 0x20, 0x36, 0x46, 0x20, 0x31, 0x31, 0x20, 0x30,
  0x30, 0x20, 0x30, 0x30, 0x20, 0x43, 0x44, 0x20, 0x30, 0x30, 0x20, 0x30, 0x30, 0x20, 0x44, 0x44,
  0x20, 0x37, 0x33, 0x20, 0x46, 0x38, 0x0a, 0x52, 0x20, 0x30, 0x30, 0x20, 0x30, 0x30, 0x20, 0x30,
  0x30, 0x20, 0x30, 0x30, 0x20, 0x30, 0x32, 0x20, 0x30, 0x42, 0x20, 0x30, 0x31, 0x20, 0x30, 0x30,
  0x0a, 0x54, 0x20, 0x39, 0x30, 0x20, 0x30, 0x30, 0x20, 0x30, 0x30, 0x20, 0x30, 0x30, 0x20, 0x44,
  0x44, 0x20, 0x37, 0x32, 0x20, 0x46, 0x39, 0x20, 0x44, 0x44, 0x20, 0x43, 0x42, 0x20, 0x46, 0x39,
  0x20, 0x37, 0x45, 0x20, 0x32, 0x38, 0x20, 0x31, 0x39, 0x20, 0x32, 0x31, 0x20, 0x34, 0x34, 0x20,
  0x30, 0x31, 0x0a, 0x52, 0x20, 0x30, 0x30, 0x20, 0x30, 0x30, 0x20, 0x30, 0x30, 0x20, 0x30, 0x30,
  0x20, 0x30, 0x30, 0x20, 0x30, 0x45, 0x20, 0x30, 0x30, 0x20, 0x30, 0x30, 0x0a, 0x54, 0x20, 0x39,
  0x43, 0x20, 0x30, 0x30, 0x20, 0x30, 0x30, 0x20, 0x30, 0x30, 0x20, 0x43, 0x44, 0x20, 0x30, 0x30,
  0x20, 0x30, 0x30, 0x20, 0x44, 0x44, 0x20, 0x36, 0x45, 0x20, 0x46, 0x36, 0x20, 0x44, 0x44, 0x20,
  0x36, 0x36, 0x20, 0x46, 0x37, 0x20, 0x37, 0x45, 0x20, 0x32, 0x33, 0x20, 0x36, 0x36, 0x0a, 0x52,
  0x20, 0x30, 0x30, 0x20, 0x30, 0x30, 0x20, 0x30, 0x30, 0x20, 0x30, 0x30, 0x20, 0x30, 0x32, 0x20,
  0x30, 0x35, 0x20, 0x30, 0x33, 0x20, 0x30, 0x30, 0x0a, 0x54, 0x20, 0x41, 0x38, 0x20, 0x30, 0x30,
  0x20, 0x30, 0x30, 0x20, 0x30, 0x30, 0x20, 0x36, 0x46, 0x20, 0x43, 0x44, 0x20, 0x30, 0x30, 0x20,
  0x30, 0x30, 0x20, 0x44, 0x44, 0x20, 0x33, 0x36, 0x20, 0x46, 0x35, 0x20, 0x30, 0x31, 0x20, 0x31,
  0x38, 0x20, 0x34, 0x38, 0x0a, 0x52, 0x20, 0x30, 0x30, 0x20, 0x30, 0x30, 0x20, 0x30, 0x30, 0x20,
  0x30, 0x30, 0x20, 0x30, 0x32, 0x20, 0x30, 0x36, 0x20, 0x30, 0x33, 0x20, 0x30, 0x30, 0x0a, 0x54,
  0x20, 0x42, 0x32, 0x20, 0x30, 0x30, 0x20, 0x30, 0x30, 0x20, 0x30, 0x30, 0x0a, 0x52, 0x20, 0x30,
  0x30, 0x20, 0x30, 0x30, 0x20, 0x30, 0x30, 0x20, 0x30, 0x30, 0x0a, 0x54, 0x20, 0x42, 0x32, 0x20,
  0x30, 0x30, 0x20, 0x30, 0x30, 0x20, 0x30, 0x30, 0x20, 0x32, 0x31, 0x20, 0x30, 0x30, 0x20, 0x30,
  0x32, 0x20, 0x45, 0x35, 0x20, 0x32, 0x31, 0x20, 0x30, 0x32, 0x20, 0x30, 0x30, 0x20, 0x33, 0x39,
  0x20, 0x45, 0x42, 0x20, 0x44, 0x44, 0x20, 0x36, 0x45, 0x20, 0x46, 0x38, 0x0a, 0x52, 0x20, 0x30,
  0x30, 0x20, 0x30, 0x30, 0x20, 0x30, 0x30, 0x20, 0x30, 0x30, 0x0a, 0x54, 0x20, 0x42, 0x45, 0x20,
  0x30, 0x30, 0x20, 0x30, 0x30, 0x20, 0x30, 0x30, 0x20, 0x44, 0x44, 0x20, 0x36, 0x36, 0x20, 0x46,
  0x39, 0x20, 0x43, 0x44, 0x20, 0x30, 0x30, 0x20, 0x30, 0x30, 0x20, 0x36, 0x42, 0x20, 0x36, 0x32,
  0x20, 0x41, 0x46, 0x20, 0x42, 0x44, 0x20, 0x39, 0x43, 0x20, 0x45, 0x32, 0x0a, 0x52, 0x20, 0x30,
  0x30, 0x20, 0x30, 0x30, 0x20, 0x30, 0x30, 0x20, 0x30, 0x30, 0x20, 0x30, 0x32, 0x20, 0x30, 0x38,
  0x20, 0x30, 0x35, 0x20, 0x30, 0x30, 0x0a, 0x54, 0x20, 0x43, 0x41, 0x20, 0x30, 0x30, 0x20, 0x30,
  0x30, 0x20, 0x30, 0x30, 0x20, 0x43, 0x45, 0x20, 0x30, 0x30, 0x20, 0x45, 0x45, 0x20, 0x38, 0x30,
  0x0a, 0x52, 0x20, 0x30, 0x30, 0x20, 0x30, 0x30, 0x20, 0x30, 0x30, 0x20, 0x30, 0x30, 0x20, 0x30,
  0x30, 0x20, 0x30, 0x34, 0x20, 0x30, 0x30, 0x20, 0x30, 0x30, 0x0a, 0x54, 0x20, 0x43, 0x45, 0x20,
  0x30, 0x30, 0x20, 0x30, 0x30, 0x20, 0x30, 0x30, 0x0a, 0x52, 0x20, 0x30, 0x30, 0x20, 0x30, 0x30,
  0x20, 0x30, 0x30, 0x20, 0x30, 0x30, 0x0a, 0x54, 0x20, 0x43, 0x45, 0x20, 0x30, 0x30, 0x20, 0x30,
  0x30, 0x20, 0x30, 0x30, 0x20, 0x46, 0x32, 0x20, 0x45, 0x39, 0x20, 0x30, 0x30, 0x20, 0x44, 0x35,
  0x20, 0x44, 0x35, 0x20, 0x32, 0x31, 0x20, 0x30, 0x34, 0x20, 0x30, 0x30, 0x20, 0x33, 0x39, 0x20,
  0x45, 0x42, 0x20, 0x32, 0x31, 0x0a, 0x52, 0x20, 0x30, 0x30, 0x20, 0x30, 0x30, 0x20, 0x30, 0x30,
  0x20, 0x30, 0x30, 0x20, 0x30, 0x30, 0x20, 0x30, 0x35, 0x20, 0x30, 0x30, 0x20, 0x30, 0x30, 0x0a,
  0x54, 0x20, 0x44, 0x39, 0x20, 0x30, 0x30, 0x20, 0x30, 0x30, 0x20, 0x30, 0x30, 0x20, 0x30, 0x31,
  0x20, 0x30, 0x30, 0x20, 0x43, 0x44, 0x20, 0x30, 0x30, 0x20, 0x30, 0x30, 0x20, 0x45, 0x42, 0x20,
  0x44, 0x31, 0x20, 0x42, 0x46, 0x20, 0x45, 0x44, 0x20, 0x35, 0x32, 0x20, 0x32, 0x38, 0x20, 0x43,
  0x44, 0x0a, 0x52, 0x20, 0x30, 0x30, 0x20, 0x30, 0x30, 0x20, 0x30, 0x30, 0x20, 0x30, 0x30, 0x20,
  0x30, 0x32, 0x20, 0x30, 0x37, 0x20, 0x30, 0x30, 0x20, 0x30, 0x30, 0x0a, 0x54, 0x20, 0x45, 0x35,
  0x20, 0x30, 0x30, 0x20, 0x30, 0x30, 0x20, 0x30, 0x30, 0x20, 0x44, 0x44, 0x20, 0x33, 0x36, 0x20,
  0x46, 0x35, 0x20, 0x30, 0x31, 0x0a, 0x52, 0x20, 0x30, 0x30, 0x20, 0x30, 0x30, 0x20, 0x30, 0x30,
  0x20, 0x30, 0x30, 0x0a, 0x54, 0x20, 0x45, 0x39, 0x20, 0x30, 0x30, 0x20, 0x30, 0x30, 0x20, 0x30,
  0x30, 0x0a, 0x52, 0x20, 0x30, 0x30, 0x20, 0x30, 0x30, 0x20, 0x30, 0x30, 0x20, 0x30, 0x30, 0x0a,
  0x54, 0x20, 0x45, 0x39, 0x20, 0x30, 0x30, 0x20, 0x30, 0x30, 0x20, 0x30, 0x30, 0x20, 0x43, 0x42,
  0x20, 0x37, 0x41, 0x20, 0x32, 0x38, 0x20, 0x30, 0x34, 0x20, 0x44, 0x44, 0x20, 0x33, 0x36, 0x20,
  0x46, 0x35, 0x20, 0x30, 0x31, 0x0a, 0x52, 0x20, 0x30, 0x30, 0x20, 0x30, 0x30, 0x20, 0x30, 0x30,
  0x20, 0x30, 0x30, 0x0a, 0x54, 0x20, 0x46, 0x31, 0x20, 0x30, 0x30, 0x20, 0x30, 0x30, 0x20, 0x30,
  0x30, 0x0a, 0x52, 0x20, 0x30, 0x30, 0x20, 0x30, 0x30, 0x20, 0x30, 0x30, 0x20, 0x30, 0x30, 0x0a,
  0x54, 0x20, 0x46, 0x31, 0x20, 0x30, 0x30, 0x20, 0x30, 0x30, 0x20, 0x30, 0x30, 0x20, 0x44, 0x44,
  0x20, 0x36, 0x45, 0x20, 0x46, 0x38, 0x20, 0x44, 0x44, 0x20, 0x36, 0x36, 0x20, 0x46, 0x39, 0x20,
  0x43, 0x44, 0x20, 0x30, 0x30, 0x20, 0x30, 0x30, 0x0a, 0x52, 0x20, 0x30, 0x30, 0x20, 0x30, 0x30,
  0x20, 0x30, 0x30, 0x20, 0x30, 0x30, 0x20, 0x30, 0x32, 0x20, 0x30, 0x42, 0x20, 0x30, 0x34, 0x20,
  0x30, 0x30, 0x0a, 0x54, 0x20, 0x46, 0x41, 0x20, 0x30, 0x30, 0x20, 0x30, 0x30, 0x20, 0x30, 0x30,
  0x0a, 0x52, 0x20, 0x30, 0x30, 0x20, 0x30, 0x30, 0x20, 0x30, 0x30, 0x20, 0x30, 0x30, 0x0a, 0x54,
  0x20, 0x46, 0x41, 0x20, 0x30, 0x30, 0x20, 0x30, 0x30, 0x20, 0x30, 0x30, 0x20, 0x44, 0x44, 0x20,
  0x33, 0x34, 0x20, 0x46, 0x45, 0x20, 0x43, 0x32, 0x20, 0x34, 0x33, 0x20, 0x30, 0x30, 0x20, 0x44,
  0x44, 0x20, 0x33, 0x34, 0x20, 0x46, 0x46, 0x20, 0x43, 0x33, 0x20, 0x34, 0x33, 0x20, 0x30, 0x30,
  0x0a, 0x52, 0x20, 0x30, 0x30, 0x20, 0x30, 0x30, 0x20, 0x30, 0x30, 0x20, 0x30, 0x30, 0x20, 0x30,
  0x30, 0x20, 0x30, 0x38, 0x20, 0x30, 0x30, 0x20, 0x30, 0x30, 0x20, 0x30, 0x30, 0x20, 0x30, 0x45,
  0x20, 0x30, 0x30, 0x20, 0x30, 0x30, 0x0a, 0x54, 0x20, 0x30, 0x36, 0x20, 0x30, 0x31, 0x20, 0x30,
  0x30, 0x20, 0x30, 0x30, 0x0a, 0x52, 0x20, 0x30, 0x30, 0x20, 0x30, 0x30, 0x20, 0x30, 0x30, 0x20,
  0x30, 0x30, 0x0a, 0x54, 0x20, 0x30, 0x36, 0x20, 0x30, 0x31, 0x20, 0x30, 0x30, 0x20, 0x30, 0x30,
  0x20, 0x44, 0x44, 0x20, 0x37, 0x45, 0x20, 0x46, 0x35, 0x20, 0x42, 0x37, 0x20, 0x32, 0x38, 0x20,
  0x30, 0x41, 0x20, 0x44, 0x44, 0x20, 0x33, 0x36, 0x20, 0x46, 0x45, 0x20, 0x30, 0x31, 0x20, 0x44,
  0x44, 0x20, 0x33, 0x36, 0x0a, 0x52, 0x20, 0x30, 0x30, 0x20, 0x30, 0x30, 0x20, 0x30, 0x30, 0x20,
  0x30, 0x30, 0x0a, 0x54, 0x20, 0x31, 0x32, 0x20, 0x30, 0x31, 0x20, 0x30, 0x30, 0x20, 0x30, 0x30,
  0x20, 0x46, 0x46, 0x20, 0x30, 0x30, 0x20, 0x31, 0x38, 0x20, 0x30, 0x37, 0x0a, 0x52, 0x20, 0x30,
  0x30, 0x20, 0x30, 0x30, 0x20, 0x30, 0x30, 0x20, 0x30, 0x30, 0x0a, 0x54, 0x20, 0x31, 0x36, 0x20,
  0x30, 0x31, 0x20, 0x30, 0x30, 0x20, 0x30, 0x30, 0x0a, 0x52, 0x20, 0x30, 0x30, 0x20, 0x30, 0x30,
  0x20, 0x30, 0x30, 0x20, 0x30, 0x30, 0x0a, 0x54, 0x20, 0x31, 0x36, 0x20, 0x30, 0x31, 0x20, 0x30,
  0x30, 0x20, 0x30, 0x30, 0x20, 0x41, 0x46, 0x20, 0x44, 0x44, 0x20, 0x37, 0x37, 0x20, 0x46, 0x45,
  0x20, 0x44, 0x44, 0x20, 0x37, 0x37, 0x20, 0x46, 0x46, 0x0a, 0x52, 0x20, 0x30, 0x30, 0x20, 0x30,
  0x30, 0x20, 0x30, 0x30, 0x20, 0x30, 0x30, 0x0a, 0x54, 0x20, 0x31, 0x44, 0x20, 0x30, 0x31, 0x20,
  0x30, 0x30, 0x20, 0x30, 0x30, 0x0a, 0x52, 0x20, 0x30, 0x30, 0x20, 0x30, 0x30, 0x20, 0x30, 0x30,
  0x20, 0x30, 0x30, 0x0a, 0x54, 0x20, 0x31, 0x44, 0x20, 0x30, 0x31, 0x20, 0x30, 0x30, 0x20, 0x30,
  0x30, 0x20, 0x44, 0x44, 0x20, 0x35, 0x45, 0x20, 0x46, 0x45, 0x20, 0x31, 0x36, 0x20, 0x30, 0x30,
  0x0a, 0x52, 0x20, 0x30, 0x30, 0x20, 0x30, 0x30, 0x20, 0x30, 0x30, 0x20, 0x30, 0x30, 0x0a, 0x54,
  0x20, 0x32, 0x32, 0x20, 0x30, 0x31, 0x20, 0x30, 0x30, 0x20, 0x30, 0x30, 0x0a, 0x52, 0x20, 0x30,
  0x30, 0x20, 0x30, 0x30, 0x20, 0x30, 0x30, 0x20, 0x30, 0x30, 0x0a, 0x54, 0x20, 0x32, 0x32, 0x20,
  0x30, 0x31, 0x20, 0x30, 0x30, 0x20, 0x30, 0x30, 0x20, 0x44, 0x44, 0x20, 0x46, 0x39, 0x20, 0x44,
  0x44, 0x20, 0x45, 0x31, 0x20, 0x43, 0x39, 0x0a, 0x52, 0x20, 0x30, 0x30, 0x20, 0x30, 0x30, 0x20,
  0x30, 0x30, 0x20, 0x30, 0x30, 0x0a, 0x54, 0x20, 0x32, 0x37, 0x20, 0x30, 0x31, 0x20, 0x30, 0x30,
  0x20, 0x30, 0x30, 0x0a, 0x52, 0x20, 0x30, 0x30, 0x20, 0x30, 0x30, 0x20, 0x30, 0x30, 0x20, 0x30,
  0x30, 0x0a, 0x54, 0x20, 0x32, 0x37, 0x20, 0x30, 0x31, 0x20, 0x30, 0x30, 0x20, 0x30, 0x30, 0x20,
  0x35, 0x35, 0x20, 0x37, 0x33, 0x20, 0x36, 0x31, 0x20, 0x36, 0x37, 0x20, 0x36, 0x35, 0x20, 0x33,
  0x41, 0x20, 0x32, 0x30, 0x20, 0x36, 0x33, 0x20, 0x36, 0x31, 0x20, 0x37, 0x34, 0x20, 0x32, 0x30,
  0x20, 0x33, 0x43, 0x0a, 0x52, 0x20, 0x30, 0x30, 0x20, 0x30, 0x30, 0x20, 0x30, 0x30, 0x20, 0x30,
  0x30, 0x0a, 0x54, 0x20, 0x33, 0x33, 0x20, 0x30, 0x31, 0x20, 0x30, 0x30, 0x20, 0x30, 0x30, 0x20,
  0x36, 0x36, 0x20, 0x36, 0x39, 0x20, 0x36, 0x43, 0x20, 0x36, 0x35, 0x20, 0x33, 0x45, 0x20, 0x32,
  0x30, 0x20, 0x35, 0x42, 0x20, 0x36, 0x36, 0x20, 0x36, 0x39, 0x20, 0x36, 0x43, 0x20, 0x36, 0x35,
  0x20, 0x32, 0x30, 0x0a, 0x52, 0x20, 0x30, 0x30, 0x20, 0x30, 0x30, 0x20, 0x30, 0x30, 0x20, 0x30,
  0x30, 0x0a, 0x54, 0x20, 0x33, 0x46, 0x20, 0x30, 0x31, 0x20, 0x30, 0x30, 0x20, 0x30, 0x30, 0x20,
  0x32, 0x45, 0x20, 0x32, 0x45, 0x20, 0x32, 0x45, 0x20, 0x35, 0x44, 0x20, 0x30, 0x30, 0x0a, 0x52,
  0x20, 0x30, 0x30, 0x20, 0x30, 0x30, 0x20, 0x30, 0x30, 0x20, 0x30, 0x30, 0x0a, 0x54, 0x20, 0x34,
  0x34, 0x20, 0x30, 0x31, 0x20, 0x30, 0x30, 0x20, 0x30, 0x30, 0x0a, 0x52, 0x20, 0x30, 0x30, 0x20,
  0x30, 0x30, 0x20, 0x30, 0x30, 0x20, 0x30, 0x30, 0x0a, 0x54, 0x20, 0x34, 0x34, 0x20, 0x30, 0x31,
  0x20, 0x30, 0x30, 0x20, 0x30, 0x30, 0x20, 0x36, 0x33, 0x20, 0x36, 0x31, 0x20, 0x37, 0x34, 0x20,
  0x33, 0x41, 0x20, 0x32, 0x30, 0x20, 0x36, 0x33, 0x20, 0x36, 0x31, 0x20, 0x36, 0x45, 0x20, 0x36,
  0x45, 0x20, 0x36, 0x46, 0x20, 0x37, 0x34, 0x20, 0x32, 0x30, 0x0a, 0x52, 0x20, 0x30, 0x30, 0x20,
  0x30, 0x30, 0x20, 0x30, 0x30, 0x20, 0x30, 0x30, 0x0a, 0x54, 0x20, 0x35, 0x30, 0x20, 0x30, 0x31,
  0x20, 0x30, 0x30, 0x20, 0x30, 0x30, 0x20, 0x36, 0x46, 0x20, 0x37, 0x30, 0x20, 0x36, 0x35, 0x20,
  0x36, 0x45, 0x20, 0x32, 0x30, 0x20, 0x30, 0x30, 0x0a, 0x52, 0x20, 0x30, 0x30, 0x20, 0x30, 0x30,
  0x20, 0x30, 0x30, 0x20, 0x30, 0x30, 0x0a, 0x00, 0x00, 0x00, 0x00, 0x00, 0x00, 0x00, 0x00, 0x00,
  0x00, 0x00, 0x00, 0x00, 0x00, 0x00, 0x00, 0x00, 0x00, 0x00, 0x00, 0x00, 0x00, 0x00, 0x00, 0x00,
  0x00, 0x00, 0x00, 0x00, 0x00, 0x00, 0x00, 0x00, 0x00, 0x00, 0x00, 0x00, 0x00, 0x00, 0x00, 0x00,
  0x00, 0x00, 0x00, 0x00, 0x00, 0x00, 0x00, 0x00, 0x00, 0x00, 0x00, 0x00, 0x00, 0x00, 0x00, 0x00,
  0x00, 0x00, 0x00, 0x00, 0x00, 0x00, 0x00, 0x00, 0x00, 0x00, 0x00, 0x00, 0x00, 0x00, 0x00, 0x00,
  0x00, 0x00, 0x00, 0x00, 0x00, 0x00, 0x00, 0x00, 0x00, 0x00, 0x00, 0x00, 0x00, 0x00, 0x00, 0x00,
  0x00, 0x00, 0x00, 0x00, 0x00, 0x00, 0x00, 0x00, 0x00, 0x00, 0x00, 0x00, 0x00, 0x00, 0x00, 0x00,
  0x00, 0x00, 0x00, 0x00, 0x00, 0x00, 0x00, 0x00, 0x00, 0x00, 0x00, 0x00, 0x00, 0x00, 0x00, 0x00,
  0x00, 0x00, 0x00, 0x00, 0x00, 0x00, 0x00, 0x00, 0x00, 0x00, 0x00, 0x00, 0x00, 0x00, 0x00, 0x00,
  0x00, 0x00, 0x00, 0x00, 0x00, 0x00, 0x00, 0x00, 0x00, 0x00, 0x00, 0x00, 0x00, 0x00, 0x00, 0x00,
  0x00, 0x00, 0x00, 0x00, 0x00, 0x00, 0x00, 0x00, 0x00, 0x00, 0x00, 0x00, 0x00, 0x00, 0x00, 0x00,
  0x00, 0x00, 0x00, 0x00, 0x00, 0x00, 0x00, 0x00, 0x00, 0x00, 0x00, 0x00, 0x00, 0x00, 0x00, 0x00,
  0x00, 0x00, 0x00, 0x00, 0x00, 0x00, 0x00, 0x00, 0x00, 0x00, 0x00, 0x00, 0x00, 0x00, 0x00, 0x00,
  0x00, 0x00, 0x00, 0x00, 0x00, 0x00, 0x00, 0x00, 0x00, 0x00, 0x00, 0x00, 0x00, 0x00, 0x00, 0x00,
  0x00, 0x00, 0x00, 0x00, 0x00, 0x00, 0x00, 0x00, 0x00, 0x00, 0x00, 0x00, 0x00, 0x00, 0x00, 0x00,
  0x00, 0x00, 0x00, 0x00, 0x00, 0x00, 0x00, 0x00, 0x00, 0x00, 0x00, 0x00, 0x00, 0x00, 0x00, 0x00,
  0x00, 0x00, 0x00, 0x00, 0x00, 0x00, 0x00, 0x00, 0x00, 0x00, 0x00, 0x00, 0x00, 0x00, 0x00, 0x00,
  0x00, 0x00, 0x00, 0x00, 0x00, 0x00, 0x00, 0x00, 0x00, 0x00, 0x00, 0x00, 0x00, 0x00, 0x00, 0x00,
  0x00, 0x00, 0x00, 0x00, 0x00, 0x00, 0x00, 0x00, 0x00, 0x00, 0x00, 0x00, 0x00, 0x00, 0x00, 0x00,
  0x00, 0x00, 0x00, 0x00, 0x00, 0x00, 0x00, 0x00, 0x00, 0x00, 0x00, 0x00, 0x00, 0x00, 0x00, 0x00,
  0x00, 0x00, 0x00, 0x00, 0x00, 0x00, 0x00, 0x00, 0x00, 0x00, 0x00, 0x00, 0x00, 0x00, 0x00, 0x00,
  0x00, 0x00, 0x00, 0x00, 0x00, 0x00, 0x00, 0x00, 0x00, 0x00, 0x00, 0x00, 0x00, 0x00, 0x00, 0x00,
  0x00, 0x00, 0x00, 0x00, 0x00, 0x00, 0x00, 0x00, 0x00, 0x00, 0x00, 0x00, 0x00, 0x00, 0x00, 0x00,
  0x00, 0x00, 0x00, 0x00, 0x00, 0x00, 0x00, 0x00, 0x00, 0x00, 0x00, 0x00, 0x00, 0x00, 0x00, 0x00,
  0x00, 0x00, 0x00, 0x00, 0x00, 0x00, 0x00, 0x00, 0x00, 0x00, 0x00, 0x00, 0x00, 0x00, 0x00, 0x00,
  0x00, 0x00, 0x00, 0x00, 0x00, 0x00, 0x00, 0x00, 0x00, 0x00, 0x00, 0x00, 0x00, 0x00, 0x00, 0x00,
  0x00, 0x00, 0x00, 0x00, 0x00, 0x00, 0x00, 0x00, 0x00, 0x00, 0x00, 0x00, 0x00, 0x00, 0x00, 0x00,
  0x00, 0x00, 0x00, 0x00, 0x00, 0x00, 0x00, 0x00, 0x00, 0x00, 0x00, 0x00, 0x00, 0x00, 0x00, 0x00,
  0x00, 0x00, 0x00, 0x00, 0x00, 0x00, 0x00, 0x00, 0x00, 0x00, 0x00, 0x00, 0x00, 0x00, 0x00, 0x00,
  0x00, 0x00, 0x00, 0x00, 0x00, 0x00, 0x00, 0x00, 0x00, 0x00, 0x00, 0x00, 0x00, 0x00, 0x00, 0x00,
  0x58, 0x4c, 0x34, 0x0a, 0x48, 0x20, 0x39, 0x20, 0x61, 0x72, 0x65, 0x61, 0x73, 0x20, 0x36, 0x20,
  0x67, 0x6c, 0x6f, 0x62, 0x61, 0x6c, 0x20, 0x73, 0x79, 0x6d, 0x62, 0x6f, 0x6c, 0x73, 0x0a, 0x4d,
  0x20, 0x6c, 0x73, 0x0a, 0x4f, 0x20, 0x2d, 0x6d, 0x7a, 0x38, 0x30, 0x20, 0x73, 0x64, 0x63, 0x63,
  0x63, 0x61, 0x6c, 0x6c, 0x28, 0x31, 0x29, 0x0a, 0x53, 0x20, 0x5f, 0x6f, 0x70, 0x65, 0x6e, 0x20,
  0x52, 0x65, 0x66, 0x30, 0x30, 0x30, 0x30, 0x30, 0x30, 0x30, 0x30, 0x0a, 0x53, 0x20, 0x2e, 0x5f,
  0x5f, 0x2e, 0x41, 0x42, 0x53, 0x2e, 0x20, 0x44, 0x65, 0x66, 0x30, 0x30, 0x30, 0x30, 0x30, 0x30,
  0x30, 0x30, 0x0a, 0x53, 0x20, 0x5f, 0x70, 0x75, 0x74, 0x73, 0x20, 0x52, 0x65, 0x66, 0x30, 0x30,
  0x30, 0x30, 0x30, 0x30, 0x30, 0x30, 0x0a, 0x53, 0x20, 0x5f, 0x63, 0x6c, 0x6f, 0x73, 0x65, 0x20,
  0x52, 0x65, 0x66, 0x30, 0x30, 0x30, 0x30, 0x30, 0x30, 0x30, 0x30, 0x0a, 0x53, 0x20, 0x5f, 0x72,
  0x65, 0x61, 0x64, 0x64, 0x69, 0x72, 0x20, 0x52, 0x65, 0x66, 0x30, 0x30, 0x30, 0x30, 0x30, 0x30,
  0x30, 0x30, 0x0a, 0x41, 0x20, 0x5f, 0x43, 0x4f, 0x44, 0x45, 0x20, 0x73, 0x69, 0x7a, 0x65, 0x20,
  0x43, 0x36, 0x20, 0x66, 0x6c, 0x61, 0x67, 0x73, 0x20, 0x30, 0x20, 0x61, 0x64, 0x64, 0x72, 0x20,
  0x30, 0x0a, 0x53, 0x20, 0x5f, 0x6d, 0x61, 0x69, 0x6e, 0x20, 0x44, 0x65, 0x66, 0x30, 0x30, 0x30,
  0x30, 0x30, 0x30, 0x30, 0x30, 0x0a, 0x41, 0x20, 0x5f, 0x44, 0x41, 0x54, 0x41, 0x20, 0x73, 0x69,
  0x7a, 0x65, 0x20, 0x30, 0x20, 0x66, 0x6c, 0x61, 0x67, 0x73, 0x20, 0x30, 0x20, 0x61, 0x64, 0x64,
  0x72, 0x20, 0x30, 0x0a, 0x41, 0x20, 0x5f, 0x49, 0x4e, 0x49, 0x54, 0x49, 0x41, 0x4c, 0x49, 0x5a,
  0x45, 0x44, 0x20, 0x73, 0x69, 0x7a, 0x65, 0x20, 0x30, 0x20, 0x66, 0x6c, 0x61, 0x67, 0x73, 0x20,
  0x30, 0x20, 0x61, 0x64, 0x64, 0x72, 0x20, 0x30, 0x0a, 0x41, 0x20, 0x5f, 0x44, 0x41, 0x42, 0x53,
  0x20, 0x73, 0x69, 0x7a, 0x65, 0x20, 0x30, 0x20, 0x66, 0x6c, 0x61, 0x67, 0x73, 0x20, 0x38, 0x20,
  0x61, 0x64, 0x64, 0x72, 0x20, 0x30, 0x0a, 0x41, 0x20, 0x5f, 0x48, 0x4f, 0x4d, 0x45, 0x20, 0x73,
  0x69, 0x7a, 0x65, 0x20, 0x30, 0x20, 0x66, 0x6c, 0x61, 0x67, 0x73, 0x20, 0x30, 0x20, 0x61, 0x64,
  0x64, 0x72, 0x20, 0x30, 0x0a, 0x41, 0x20, 0x5f, 0x47, 0x53, 0x49, 0x4e, 0x49, 0x54, 0x20, 0x73,
  0x69, 0x7a, 0x65, 0x20, 0x30, 0x20, 0x66, 0x6c, 0x61, 0x67, 0x73, 0x20, 0x30, 0x20, 0x61, 0x64,
  0x64, 0x72, 0x20, 0x30, 0x0a, 0x41, 0x20, 0x5f, 0x47, 0x53, 0x46, 0x49, 0x4e, 0x41, 0x4c, 0x20,
  0x73, 0x69, 0x7a, 0x65, 0x20, 0x30, 0x20, 0x66, 0x6c, 0x61, 0x67, 0x73, 0x20, 0x30, 0x20, 0x61,
  0x64, 0x64, 0x72, 0x20, 0x30, 0x0a, 0x41, 0x20, 0x5f, 0x49, 0x4e, 0x49, 0x54, 0x49, 0x41, 0x4c,
  0x49, 0x5a, 0x45, 0x52, 0x20, 0x73, 0x69, 0x7a, 0x65, 0x20, 0x30, 0x20, 0x66, 0x6c, 0x61, 0x67,
  0x73, 0x20, 0x30, 0x20, 0x61, 0x64, 0x64, 0x72, 0x20, 0x30, 0x0a, 0x41, 0x20, 0x5f, 0x43, 0x41,
  0x42, 0x53, 0x20, 0x73, 0x69, 0x7a, 0x65, 0x20, 0x30, 0x20, 0x66, 0x6c, 0x61, 0x67, 0x73, 0x20,
  0x38, 0x20, 0x61, 0x64, 0x64, 0x72, 0x20, 0x30, 0x0a, 0x54, 0x20, 0x30, 0x30, 0x20, 0x30, 0x30,
  0x20, 0x30, 0x30, 0x20, 0x30, 0x30, 0x0a, 0x52, 0x20, 0x30, 0x30, 0x20, 0x30, 0x30, 0x20, 0x30,
  0x30, 0x20, 0x30, 0x30, 0x0a, 0x54, 0x20, 0x30, 0x30, 0x20, 0x30, 0x30, 0x20, 0x30, 0x30, 0x20,
  0x30, 0x30, 0x20, 0x44, 0x44, 0x20, 0x45, 0x35, 0x20, 0x44, 0x44, 0x20, 0x32, 0x31, 0x20, 0x30,
  0x30, 0x20, 0x30, 0x30, 0x20, 0x44, 0x44, 0x20, 0x33, 0x39, 0x20, 0x46, 0x44, 0x20, 0x32, 0x31,
  0x20, 0x45, 0x46, 0x20, 0x46, 0x46, 0x0a, 0x52, 0x20, 0x30, 0x30, 0x20, 0x30, 0x30, 0x20, 0x30,
  0x30, 0x20, 0x30, 0x30, 0x0a, 0x54, 0x20, 0x30, 0x43, 0x20, 0x30, 0x30, 0x20, 0x30, 0x30, 0x20,
  0x30, 0x30, 0x20, 0x46, 0x44, 0x20, 0x33, 0x39, 0x20, 0x46, 0x44, 0x20, 0x46, 0x39, 0x20, 0x30,
  0x31, 0x20, 0x39, 0x36, 0x20, 0x30, 0x30, 0x20, 0x33, 0x45, 0x20, 0x30, 0x31, 0x20, 0x42, 0x44,
  0x20, 0x33, 0x45, 0x20, 0x30, 0x30, 0x0a, 0x52, 0x20, 0x30, 0x30, 0x20, 0x30, 0x30, 0x20, 0x30,
  0x30, 0x20, 0x30, 0x30, 0x20, 0x30, 0x30, 0x20, 0x30, 0x39, 0x20, 0x30, 0x30, 0x20, 0x30, 0x30,
  0x0a, 0x54, 0x20, 0x31, 0x38, 0x20, 0x30, 0x30, 0x20, 0x30, 0x30, 0x20, 0x30, 0x30, 0x20, 0x39,
  0x43, 0x20, 0x45, 0x32, 0x20, 0x31, 0x45, 0x20, 0x30, 0x30, 0x20, 0x45, 0x45, 0x20, 0x38, 0x30,
  0x0a, 0x52, 0x20, 0x30, 0x30, 0x20, 0x30, 0x30, 0x20, 0x30, 0x30, 0x20, 0x30, 0x30, 0x20, 0x30,
  0x30, 0x20, 0x30, 0x36, 0x20, 0x30, 0x30, 0x20, 0x30, 0x30, 0x0a, 0x54, 0x20, 0x31, 0x45, 0x20,
  0x30, 0x30, 0x20, 0x30, 0x30, 0x20, 0x30, 0x30, 0x0a, 0x52, 0x20, 0x30, 0x30, 0x20, 0x30, 0x30,
  0x20, 0x30, 0x30, 0x20, 0x30, 0x30, 0x0a, 0x54, 0x20, 0x31, 0x45, 0x20, 0x30, 0x30, 0x20, 0x30,
  0x30, 0x20, 0x30, 0x30, 0x20, 0x46, 0x32, 0x20, 0x32, 0x37, 0x20, 0x30, 0x30, 0x20, 0x45, 0x42,
  0x20, 0x32, 0x33, 0x20, 0x32, 0x33, 0x20, 0x34, 0x45, 0x20, 0x32, 0x33, 0x20, 0x34, 0x36, 0x0a,
  0x52, 0x20, 0x30, 0x30, 0x20, 0x30, 0x30, 0x20, 0x30, 0x30, 0x20, 0x30, 0x30, 0x20, 0x30, 0x30,
  0x20, 0x30, 0x35, 0x20, 0x30, 0x30, 0x20, 0x30, 0x30, 0x0a, 0x54, 0x20, 0x32, 0x37, 0x20, 0x30,
  0x30, 0x20, 0x30, 0x30, 0x20, 0x30, 0x30, 0x0a, 0x52, 0x20, 0x30, 0x30, 0x20, 0x30, 0x30, 0x20,
  0x30, 0x30, 0x20, 0x30, 0x30, 0x0a, 0x54, 0x20, 0x32, 0x37, 0x20, 0x30, 0x30, 0x20, 0x30, 0x30,
  0x20, 0x30, 0x30, 0x20, 0x31, 0x31, 0x20, 0x30, 0x30, 0x20, 0x30, 0x30, 0x20, 0x36, 0x39, 0x20,
  0x36, 0x30, 0x20, 0x43, 0x44, 0x20, 0x30, 0x30, 0x20, 0x30, 0x30, 0x20, 0x34, 0x42, 0x20, 0x34,
  0x32, 0x20, 0x43, 0x42, 0x20, 0x37, 0x38, 0x0a, 0x52, 0x20, 0x30, 0x30, 0x20, 0x30, 0x30, 0x20,
  0x30, 0x30, 0x20, 0x30, 0x30, 0x20, 0x30, 0x32, 0x20, 0x30, 0x41, 0x20, 0x30, 0x30, 0x20, 0x30,
  0x30, 0x0a, 0x54, 0x20, 0x33, 0x33, 0x20, 0x30, 0x30, 0x20, 0x30, 0x30, 0x20, 0x30, 0x30, 0x20,
  0x32, 0x38, 0x20, 0x30, 0x42, 0x20, 0x32, 0x31, 0x20, 0x39, 0x38, 0x20, 0x30, 0x30, 0x20, 0x43,
  0x44, 0x20, 0x30, 0x30, 0x20, 0x30, 0x30, 0x20, 0x31, 0x31, 0x20, 0x30, 0x31, 0x20, 0x30, 0x30,
  0x20, 0x31, 0x38, 0x0a, 0x52, 0x20, 0x30, 0x30, 0x20, 0x30, 0x30, 0x20, 0x30, 0x30, 0x20, 0x30,
  0x30, 0x20, 0x30, 0x30, 0x20, 0x30, 0x37, 0x20, 0x30, 0x30, 0x20, 0x30, 0x30, 0x20, 0x30, 0x32,
  0x20, 0x30, 0x41, 0x20, 0x30, 0x32, 0x20, 0x30, 0x30, 0x0a, 0x54, 0x20, 0x33, 0x46, 0x20, 0x30,
  0x30, 0x20, 0x30, 0x30, 0x20, 0x30, 0x30, 0x20, 0x35, 0x31, 0x0a, 0x52, 0x20, 0x30, 0x30, 0x20,
  0x30, 0x30, 0x20, 0x30, 0x30, 0x20, 0x30, 0x30, 0x0a, 0x54, 0x20, 0x34, 0x30, 0x20, 0x30, 0x30,
  0x20, 0x30, 0x30, 0x20, 0x30, 0x30, 0x0a, 0x52, 0x20, 0x30, 0x30, 0x20, 0x30, 0x30, 0x20, 0x30,
  0x30, 0x20, 0x30, 0x30, 0x0a, 0x54, 0x20, 0x34, 0x30, 0x20, 0x30, 0x30, 0x20, 0x30, 0x30, 0x20,
  0x30, 0x30, 0x20, 0x43, 0x35, 0x20, 0x32, 0x31, 0x20, 0x30, 0x32, 0x20, 0x30, 0x30, 0x20, 0x33,
  0x39, 0x20, 0x45, 0x35, 0x20, 0x31, 0x31, 0x20, 0x30, 0x30, 0x20, 0x30, 0x30, 0x20, 0x36, 0x39,
  0x20, 0x36, 0x30, 0x20, 0x43, 0x44, 0x0a, 0x52, 0x20, 0x30, 0x30, 0x20, 0x30, 0x30, 0x20, 0x30,
  0x30, 0x20, 0x30, 0x30, 0x0a, 0x54, 0x20, 0x34, 0x43, 0x20, 0x30, 0x30, 0x20, 0x30, 0x30, 0x20,
  0x30, 0x30, 0x20, 0x30, 0x30, 0x20, 0x30, 0x30, 0x20, 0x43, 0x31, 0x20, 0x43, 0x42, 0x20, 0x37,
  0x41, 0x20, 0x32, 0x38, 0x20, 0x31, 0x30, 0x20, 0x43, 0x35, 0x20, 0x32, 0x31, 0x20, 0x42, 0x32,
  0x20, 0x30, 0x30, 0x20, 0x43, 0x44, 0x0a, 0x52, 0x20, 0x30, 0x30, 0x20, 0x30, 0x30, 0x20, 0x30,
  0x30, 0x20, 0x30, 0x30, 0x20, 0x30, 0x32, 0x20, 0x30, 0x34, 0x20, 0x30, 0x34, 0x20, 0x30, 0x30,
  0x20, 0x30, 0x30, 0x20, 0x30, 0x44, 0x20, 0x30, 0x30, 0x20, 0x30, 0x30, 0x0a, 0x54, 0x20, 0x35,
  0x38, 0x20, 0x30, 0x30, 0x20, 0x30, 0x30, 0x20, 0x30, 0x30, 0x20, 0x30, 0x30, 0x20, 0x30, 0x30,
  0x20, 0x45, 0x31, 0x20, 0x43, 0x44, 0x20, 0x30, 0x30, 0x20, 0x30, 0x30, 0x20, 0x31, 0x31, 0x20,
  0x30, 0x31, 0x20, 0x30, 0x30, 0x20, 0x31, 0x38, 0x20, 0x32, 0x45, 0x0a, 0x52, 0x20, 0x30, 0x30,
  0x20, 0x30, 0x30, 0x20, 0x30, 0x30, 0x20, 0x30, 0x30, 0x20, 0x30, 0x32, 0x20, 0x30, 0x34, 0x20,
  0x30, 0x32, 0x20, 0x30, 0x30, 0x20, 0x30, 0x32, 0x20, 0x30, 0x38, 0x20, 0x30, 0x33, 0x20, 0x30,
  0x30, 0x0a, 0x54, 0x20, 0x36, 0x33, 0x20, 0x30, 0x30, 0x20, 0x30, 0x30, 0x20, 0x30, 0x30, 0x0a,
  0x52, 0x20, 0x30, 0x30, 0x20, 0x30, 0x30, 0x20, 0x30, 0x30, 0x20, 0x30, 0x30, 0x0a, 0x54, 0x20,
  0x36, 0x33, 0x20, 0x30, 0x30, 0x20, 0x30, 0x30, 0x20, 0x30, 0x30, 0x20, 0x32, 0x31, 0x20, 0x30,
  0x31, 0x20, 0x30, 0x30, 0x0a, 0x52, 0x20, 0x30, 0x30, 0x20, 0x30, 0x30, 0x20, 0x30, 0x30, 0x20,
  0x30, 0x30, 0x0a, 0x54, 0x20, 0x36, 0x36, 0x20, 0x30, 0x30, 0x20, 0x30, 0x30, 0x20, 0x30, 0x30,
  0x0a, 0x52, 0x20, 0x30, 0x30, 0x20, 0x30, 0x30, 0x20, 0x30, 0x30, 0x20, 0x30, 0x30, 0x0a, 0x54,
  0x20, 0x36, 0x36, 0x20, 0x30, 0x30, 0x20, 0x30, 0x30, 0x20, 0x30, 0x30, 0x20, 0x37, 0x41, 0x20,
  0x42, 0x33, 0x20, 0x32, 0x30, 0x20, 0x31, 0x46, 0x20, 0x45, 0x35, 0x20, 0x43, 0x35, 0x20, 0x32,
  0x31, 0x20, 0x30, 0x36, 0x20, 0x30, 0x30, 0x20, 0x33, 0x39, 0x20, 0x43, 0x44, 0x0a, 0x52, 0x20,
  0x30, 0x30, 0x20, 0x30, 0x30, 0x20, 0x30, 0x30, 0x20, 0x30, 0x30, 0x0a, 0x54, 0x20, 0x37, 0x31,
  0x20, 0x30, 0x30, 0x20, 0x30, 0x30, 0x20, 0x30, 0x30, 0x20, 0x30, 0x30, 0x20, 0x30, 0x30, 0x20,
  0x43, 0x31, 0x20, 0x45, 0x31, 0x20, 0x35, 0x44, 0x20, 0x35, 0x34, 0x20, 0x32, 0x33, 0x20, 0x45,
  0x35, 0x20, 0x43, 0x35, 0x20, 0x45, 0x35, 0x20, 0x32, 0x31, 0x0a, 0x52, 0x20, 0x30, 0x30, 0x20,
  0x30, 0x30, 0x20, 0x30, 0x30, 0x20, 0x30, 0x30, 0x20, 0x30, 0x32, 0x20, 0x30, 0x34, 0x20, 0x30,
  0x32, 0x20, 0x30, 0x30, 0x0a, 0x54, 0x20, 0x37, 0x43, 0x20, 0x30, 0x30, 0x20, 0x30, 0x30, 0x20,
  0x30, 0x30, 0x20, 0x30, 0x36, 0x20, 0x30, 0x30, 0x20, 0x33, 0x39, 0x20, 0x45, 0x33, 0x20, 0x36,
  0x39, 0x20, 0x36, 0x30, 0x20, 0x43, 0x44, 0x20, 0x30, 0x30, 0x20, 0x30, 0x30, 0x20, 0x43, 0x31,
  0x20, 0x45, 0x31, 0x20, 0x31, 0x38, 0x0a, 0x52, 0x20, 0x30, 0x30, 0x20, 0x30, 0x30, 0x20, 0x30,
  0x30, 0x20, 0x30, 0x30, 0x20, 0x30, 0x32, 0x20, 0x30, 0x42, 0x20, 0x30, 0x34, 0x20, 0x30, 0x30,
  0x0a, 0x54, 0x20, 0x38, 0x38, 0x20, 0x30, 0x30, 0x20, 0x30, 0x30, 0x20, 0x30, 0x30, 0x20, 0x44,
  0x44, 0x0a, 0x52, 0x20, 0x30, 0x30, 0x20, 0x30, 0x30, 0x20, 0x30, 0x30, 0x20, 0x30, 0x30, 0x0a,
  0x54, 0x20, 0x38, 0x39, 0x20, 0x30, 0x30, 0x20, 0x30, 0x30, 0x20, 0x30, 0x30, 0x0a, 0x52, 0x20,
  0x30, 0x30, 0x20, 0x30, 0x30, 0x20, 0x30, 0x30, 0x20, 0x30, 0x30, 0x0a, 0x54, 0x20, 0x38, 0x39,
  0x20, 0x30, 0x30, 0x20, 0x30, 0x30, 0x20, 0x30, 0x30, 0x20, 0x36, 0x39, 0x20, 0x36, 0x30, 0x20,
  0x43, 0x44, 0x20, 0x30, 0x30, 0x20, 0x30, 0x30, 0x20, 0x31, 0x31, 0x20, 0x30, 0x30, 0x20, 0x30,
  0x30, 0x0a, 0x52, 0x20, 0x30, 0x30, 0x20, 0x30, 0x30, 0x20, 0x30, 0x30, 0x20, 0x30, 0x30, 0x20,
  0x30, 0x32, 0x20, 0x30, 0x37, 0x20, 0x30, 0x33, 0x20, 0x30, 0x30, 0x0a, 0x54, 0x20, 0x39, 0x31,
  0x20, 0x30, 0x30, 0x20, 0x30, 0x30, 0x20, 0x30, 0x30, 0x0a, 0x52, 0x20, 0x30, 0x30, 0x20, 0x30,
  0x30, 0x20, 0x30, 0x30, 0x20, 0x30, 0x30, 0x0a, 0x54, 0x20, 0x39, 0x31, 0x20, 0x30, 0x30, 0x20,
  0x30, 0x30, 0x20, 0x30, 0x30, 0x20, 0x44, 0x44, 0x20, 0x46, 0x39, 0x20, 0x44, 0x44, 0x20, 0x45,
  0x31, 0x20, 0x43, 0x39, 0x0a, 0x52, 0x20, 0x30, 0x30, 0x20, 0x30, 0x30, 0x20, 0x30, 0x30, 0x20,
  0x30, 0x30, 0x0a, 0x54, 0x20, 0x39, 0x36, 0x20, 0x30, 0x30, 0x20, 0x30, 0x30, 0x20, 0x30, 0x30,
  0x0a, 0x52, 0x20, 0x30, 0x30, 0x20, 0x30, 0x30, 0x20, 0x30, 0x30, 0x20, 0x30, 0x30, 0x0a, 0x54,
  0x20, 0x39, 0x36, 0x20, 0x30, 0x30, 0x20, 0x30, 0x30, 0x20, 0x30, 0x30, 0x20, 0x32, 0x45, 0x20,
  0x30, 0x30, 0x0a, 0x52, 0x20, 0x30, 0x30, 0x20, 0x30, 0x30, 0x20, 0x30, 0x30, 0x20, 0x30, 0x30,
  0x0a, 0x54, 0x20, 0x39, 0x38, 0x20, 0x30, 0x30, 0x20, 0x30, 0x30, 0x20, 0x30, 0x30, 0x0a, 0x52,
  0x20, 0x30, 0x30, 0x20, 0x30, 0x30, 0x20, 0x30, 0x30, 0x20, 0x30, 0x30, 0x0a, 0x54, 0x20, 0x39,
  0x38, 0x20, 0x30, 0x30, 0x20, 0x30, 0x30, 0x20, 0x30, 0x30, 0x20, 0x36, 0x43, 0x20, 0x37, 0x33,
  0x20, 0x33, 0x41, 0x20, 0x32, 0x30, 0x20, 0x36, 0x33, 0x20, 0x36, 0x31, 0x20, 0x36, 0x45, 0x20,
  0x36, 0x45, 0x20, 0x36, 0x46, 0x20, 0x37, 0x34, 0x20, 0x32, 0x30, 0x20, 0x36, 0x46, 0x0a, 0x52,
  0x20, 0x30, 0x30, 0x20, 0x30, 0x30, 0x20, 0x30, 0x30, 0x20, 0x30, 0x30, 0x0a, 0x54, 0x20, 0x41,
  0x34, 0x20, 0x30, 0x30, 0x20, 0x30, 0x30, 0x20, 0x30, 0x30, 0x20, 0x37, 0x30, 0x20, 0x36, 0x35,
  0x20, 0x36, 0x45, 0x20, 0x32, 0x30, 0x20, 0x36, 0x34, 0x20, 0x36, 0x39, 0x20, 0x37, 0x32, 0x20,
  0x36, 0x35, 0x20, 0x36, 0x33, 0x20, 0x37, 0x34, 0x20, 0x36, 0x46, 0x20, 0x37, 0x32, 0x0a, 0x52,
  0x20, 0x30, 0x30, 0x20, 0x30, 0x30, 0x20, 0x30, 0x30, 0x20, 0x30, 0x30, 0x0a, 0x54, 0x20, 0x42,
  0x30, 0x20, 0x30, 0x30, 0x20, 0x30, 0x30, 0x20, 0x30, 0x30, 0x20, 0x37, 0x39, 0x20, 0x30, 0x30,
  0x0a, 0x52, 0x20, 0x30, 0x30, 0x20, 0x30, 0x30, 0x20, 0x30, 0x30, 0x20, 0x30, 0x30, 0x0a, 0x54,
  0x20, 0x42, 0x32, 0x20, 0x30, 0x30, 0x20, 0x30, 0x30, 0x20, 0x30, 0x30, 0x0a, 0x52, 0x20, 0x30,
  0x30, 0x20, 0x30, 0x30, 0x20, 0x30, 0x30, 0x20, 0x30, 0x30, 0x0a, 0x54, 0x20, 0x42, 0x32, 0x20,
  0x30, 0x30, 0x20, 0x30, 0x30, 0x20, 0x30, 0x30, 0x20, 0x36, 0x43, 0x20, 0x37, 0x33, 0x20, 0x33,
  0x41, 0x20, 0x32, 0x30, 0x20, 0x36, 0x45, 0x20, 0x36, 0x46, 0x20, 0x37, 0x34, 0x20, 0x32, 0x30,
  0x20, 0x36, 0x31, 0x20, 0x32, 0x30, 0x20, 0x36, 0x34, 0x20, 0x36, 0x39, 0x0a, 0x52, 0x20, 0x30,
  0x30, 0x20, 0x30, 0x30, 0x20, 0x30, 0x30, 0x20, 0x30, 0x30, 0x0a, 0x54, 0x20, 0x42, 0x45, 0x20,
  0x30, 0x30, 0x20, 0x30, 0x30, 0x20, 0x30, 0x30, 0x20, 0x37, 0x32, 0x20, 0x36, 0x35, 0x20, 0x36,
  0x33, 0x20, 0x37, 0x34, 0x20, 0x36, 0x46, 0x20, 0x37, 0x32, 0x20, 0x37, 0x39, 0x20, 0x30, 0x30,
  0x0a, 0x52, 0x20, 0x30, 0x30, 0x20, 0x30, 0x30, 0x20, 0x30, 0x30, 0x20, 0x30, 0x30, 0x0a, 0x00,
  0x00, 0x00, 0x00, 0x00, 0x00, 0x00, 0x00, 0x00, 0x00, 0x00, 0x00, 0x00, 0x00, 0x00, 0x00, 0x00,
  0x00, 0x00, 0x00, 0x00, 0x00, 0x00, 0x00, 0x00, 0x00, 0x00, 0x00, 0x00, 0x00, 0x00, 0x00, 0x00,
  0x00, 0x00, 0x00, 0x00, 0x00, 0x00, 0x00, 0x00, 0x00, 0x00, 0x00, 0x00, 0x00, 0x00, 0x00, 0x00,
  0x00, 0x00, 0x00, 0x00, 0x00, 0x00, 0x00, 0x00, 0x00, 0x00, 0x00, 0x00, 0x00, 0x00, 0x00, 0x00,
  0x00, 0x00, 0x00, 0x00, 0x00, 0x00, 0x00, 0x00, 0x00, 0x00, 0x00, 0x00, 0x00, 0x00, 0x00, 0x00,
  0x00, 0x00, 0x00, 0x00, 0x00, 0x00, 0x00, 0x00, 0x00, 0x00, 0x00, 0x00, 0x00, 0x00, 0x00, 0x00,
  0x00, 0x00, 0x00, 0x00, 0x00, 0x00, 0x00, 0x00, 0x00, 0x00, 0x00, 0x00, 0x00, 0x00, 0x00, 0x00,
  0x00, 0x00, 0x00, 0x00, 0x00, 0x00, 0x00, 0x00, 0x00, 0x00, 0x00, 0x00, 0x00, 0x00, 0x00, 0x00,
  0x00, 0x00, 0x00, 0x00, 0x00, 0x00, 0x00, 0x00, 0x00, 0x00, 0x00, 0x00, 0x00, 0x00, 0x00, 0x00,
  0x00, 0x00, 0x00, 0x00, 0x00, 0x00, 0x00, 0x00, 0x00, 0x00, 0x00, 0x00, 0x00, 0x00, 0x00, 0x00,
  0x00, 0x00, 0x00, 0x00, 0x00, 0x00, 0x00, 0x00, 0x00, 0x00, 0x00, 0x00, 0x00, 0x00, 0x00, 0x00,
  0x00, 0x00, 0x00, 0x00, 0x00, 0x00, 0x00, 0x00, 0x00, 0x00, 0x00, 0x00, 0x00, 0x00, 0x00, 0x00,
  0x00, 0x00, 0x00, 0x00, 0x00, 0x00, 0x00, 0x00, 0x00, 0x00, 0x00, 0x00, 0x00, 0x00, 0x00, 0x00,
  0x00, 0x00, 0x00, 0x00, 0x00, 0x00, 0x00, 0x00, 0x00, 0x00, 0x00, 0x00, 0x00, 0x00, 0x00, 0x00,
  0x00, 0x00, 0x00, 0x00, 0x00, 0x00, 0x00, 0x00, 0x00, 0x00, 0x00, 0x00, 0x00, 0x00, 0x00, 0x00,
  0x00, 0x00, 0x00, 0x00, 0x00, 0x00, 0x00, 0x00, 0x00, 0x00, 0x00, 0x00, 0x00, 0x00, 0x00, 0x00,
  0x00, 0x00, 0x00, 0x00, 0x00, 0x00, 0x00, 0x00, 0x00, 0x00, 0x00, 0x00, 0x00, 0x00, 0x00, 0x00,
  0x00, 0x00, 0x00, 0x00, 0x00, 0x00, 0x00, 0x00, 0x00, 0x00, 0x00, 0x00, 0x00, 0x00, 0x00, 0x00,
  0x00, 0x00, 0x00, 0x00, 0x00, 0x00, 0x00, 0x00, 0x00, 0x00, 0x00, 0x00, 0x00, 0x00, 0x00, 0x00,
  0x00, 0x00, 0x00, 0x00, 0x00, 0x00, 0x00, 0x00, 0x00, 0x00, 0x00, 0x00, 0x00, 0x00, 0x00, 0x00,
  0x00, 0x00, 0x00, 0x00, 0x00, 0x00, 0x00, 0x00, 0x00, 0x00, 0x00, 0x00, 0x00, 0x00, 0x00, 0x00,
  0x00, 0x00, 0x00, 0x00, 0x00, 0x00, 0x00, 0x00, 0x00, 0x00, 0x00, 0x00, 0x00, 0x00, 0x00, 0x00,
  0x00, 0x00, 0x00, 0x00, 0x00, 0x00, 0x00, 0x00, 0x00, 0x00, 0x00, 0x00, 0x00, 0x00, 0x00, 0x00,
  0x00, 0x00, 0x00, 0x00, 0x00, 0x00, 0x00, 0x00, 0x00, 0x00, 0x00, 0x00, 0x00, 0x00, 0x00, 0x00,
};
const uint16_t kernel_romfs_blocks = 35;
